,Pendidikan,,,,,,,,,,,,,Pendidikan Dasar dan Anak Usia Dini,,,,,,,,,,,,,Pendidikan Menengah,,,,,,,,,,,,,Pendidikan Tinggi,,,,,,,,,,,,,Pendidikan Lainnya,,,,,,,,,,,,,2024
,Januari,Februari,Maret,April,Mei,Juni,Juli,Agustus,September,Oktober,November,Desember,Tahunan,Januari,Februari,Maret,April,Mei,Juni,Juli,Agustus,September,Oktober,November,Desember,Tahunan,Januari,Februari,Maret,April,Mei,Juni,Juli,Agustus,September,Oktober,November,Desember,Tahunan,Januari,Februari,Maret,April,Mei,Juni,Juli,Agustus,September,Oktober,November,Desember,Tahunan,Januari,Februari,Maret,April,Mei,Juni,Juli,Agustus,September,Oktober,November,Desember,Tahunan,2024
KAB ACEH TENGAH,0.0,0,0,0.19,0.19,0.19,0.19,0.19,0.19,0.19,0.19,0.19,-,0.0,0,0,0.51,0.51,0.51,0.51,0.51,0.51,0.51,0.51,0.51,-,0.0,0,0,0,0,0,0,0,0,0,0,0,-,0,0,0,0,0,0,0,0,0,0,0,0,-,-,-,-,-,-,-,-,-,-,-,-,-,-,2024.0
MEULABOH,2.79,2.26,1.81,0.7,0.7,0.7,0.7,0.7,0.73,0.73,0.66,0.66,-,2.17,2.17,2.17,2.17,2.17,2.17,2.17,2.17,2.25,2.25,2.25,2.25,-,0.0,0,0,0,0,0,0,0,0,0,0,0,-,0,0,0,0,0,0,0,0,0,0,0,0,-,16.68,12.22,8.57,0.49,0.49,0.49,0.49,0.49,0.49,0.49,0,0,-,2024.0
KAB ACEH TAMIANG,2.36,2.36,2.36,2.36,2.36,2.36,1.39,4.78,5.14,5.14,5.14,5.14,-,11.49,11.49,11.49,11.49,11.49,11.49,6.52,1.53,2.13,2.13,2.13,2.13,-,0.0,0,0,0,0,0,0,0,1.07,1.07,1.07,1.07,-,0,0,0,0,0,0,0,7.81,7.81,7.81,7.81,7.81,-,-,-,-,-,-,-,-,-,-,-,-,-,-,2024.0
KOTA BANDA ACEH,0.32,0.35,0.35,0.35,0.35,0.35,0.35,0.58,0.58,0.58,0.58,0.58,-,1.44,1.44,1.44,1.44,1.44,1.44,1.44,2.42,2.42,2.42,2.42,2.42,-,0.0,0,0,0,0,0,0,0,0,0,0,0,-,0,0,0,0,0,0,0,0,0,0,0,0,-,0,0.38,0.38,0.38,0.38,0.38,0.38,0.38,0.38,0.38,0.38,0.38,-,2024.0
KOTA LHOKSEUMAWE,1.27,1.27,1.27,1.27,1.27,1.27,3.42,3.86,3.86,3.86,3.86,3.86,-,3.18,3.18,3.18,3.18,3.18,3.18,6.01,7.28,7.28,7.28,7.28,7.28,-,0.1,0.1,0.1,0.1,0.1,0.1,5.8,5.96,5.96,5.96,5.96,5.96,-,0,0,0,0,0,0,0,0,0,0,0,0,-,9.43,9.43,9.43,9.43,9.43,9.43,9.43,9.43,9.43,9.43,9.43,9.43,-,2024.0
KAB LABUHANBATU,0.5,0.5,0.5,0.5,0.5,0.5,0,0,0,0,0,0,-,1.9,1.9,1.9,1.9,1.9,1.9,0,0,0,0,0,0,-,0.0,0,0,0,0,0,0,0,0,0,0,0,-,0,0,0,0,0,0,0,0,0,0,0,0,-,0,0,0,0,0,0,0,0,0,0,0,0,-,2024.0
KAB KARO,0.0,0,0,0,0,0,0,0,0,0,0,0,-,0.0,0,0,0,0,0,0,0,0,0,0,0,-,0.0,0,0,0,0,0,0,0,0,0,0,0,-,0,0,0,0,0,0,0,0,0,0,0,0,-,0,0,0,0,0,0,0,0,0,0,0,0,-,2024.0
KAB DELI SERDANG,0.0,0,0,0,0,0,0,0.87,0.87,0.87,0.87,0.87,-,0.0,0,0,0,0,0,0,2.63,2.63,2.63,2.63,2.63,-,0.0,0,0,0,0,0,0,0,0,0,0,0,-,0,0,0,0,0,0,0,0,0,0,0,0,-,0,0,0,0,0,0,0,0,0,0,0,0,-,2024.0
KOTA SIBOLGA,3.25,3.25,3.25,3.25,3.25,3.25,3.25,2.82,2.82,2.82,2.82,2.82,-,1.48,1.48,1.48,1.48,1.48,1.48,1.48,9.84,9.84,9.84,9.84,9.84,-,3.26,3.26,3.26,3.26,3.26,3.26,3.26,-4.46,-4.46,-4.46,-4.46,-4.46,-,6.53,6.53,6.53,6.53,6.53,6.53,6.53,6.74,6.74,6.74,6.74,6.74,-,0,0,0,0,0,0,0,0,0,0,0,0,-,2024.0
KOTA PEMATANGSIANTAR,6.07,6.07,6.07,6.07,6.07,6.07,8.24,3.07,3.07,3.07,3.07,2.66,-,4.39,4.39,4.39,4.39,4.39,4.39,7.13,2.62,2.62,2.62,2.62,2.62,-,0.81,0.81,0.81,0.81,0.81,0.81,4.93,4.09,4.09,4.09,4.09,4.09,-,14.46,14.46,14.46,14.46,14.46,14.46,14.46,0,0,0,0,0,-,7.7,7.7,7.7,7.7,7.7,7.7,7.7,7.7,7.7,7.7,7.7,4.44,-,2024.0
KOTA MEDAN,1.82,1.82,1.82,1.82,1.82,1.82,1.82,2.37,0.87,0.87,0.87,0.87,-,0.5,0.5,0.5,0.5,0.5,0.5,0.5,1.82,1.82,1.82,1.82,1.82,-,0.52,0.52,0.52,0.52,0.52,0.52,0.52,1.09,1.09,1.09,1.09,1.09,-,6.04,6.04,6.04,6.04,6.04,6.04,6.04,6.04,0,0,0,0,-,0,0,0,0,0,0,0,0,0,0,0,0,-,2024.0
KOTA PADANGSIDIMPUAN,1.49,1.49,1.49,1.49,1.49,1.49,1.49,2.23,2.23,2.23,2.23,2.23,-,0.02,0.02,0.02,0.02,0.02,0.02,0.02,0.44,0.44,0.44,0.44,0.44,-,4.55,4.55,4.55,4.55,4.55,4.55,4.55,6.42,6.42,6.42,6.42,6.42,-,0,0,0,0,0,0,0,0,0,0,0,0,-,0,0,0,0,0,0,0,0,0,0,0,0,-,2024.0
KOTA GUNUNGSITOLI,1.76,1.76,1.76,1.76,1.76,1.76,2.1,1.01,10.26,10.26,10.26,10.26,-,3.99,3.99,3.99,3.99,3.99,3.99,5.84,5.56,7.93,7.93,7.93,7.93,-,1.35,1.35,1.35,1.35,1.35,1.35,1.35,0,11.94,11.94,11.94,11.94,-,1.49,1.49,1.49,1.49,1.49,1.49,1.49,0,12.52,12.52,12.52,12.52,-,0,0,0,0,0,0,0,0,0,0,0,0,-,2024.0
KAB DHARMASRAYA,0.38,0.38,0.38,0.38,0.38,0.38,1.46,1.46,1.46,1.46,1.46,1.46,-,1.71,1.71,1.71,1.71,1.71,1.71,6.05,6.05,6.05,6.05,6.05,6.05,-,0.0,0,0,0,0,0,0.4,0.4,0.4,0.4,0.4,0.4,-,0,0,0,0,0,0,0,0,0,0,0,0,-,0,0,0,0,0,0,0,0,0,0,0,0,-,2024.0
KAB PASAMAN BARAT,0.02,0.02,0.02,0.02,0.02,0.02,0.04,0.42,1.54,1.54,1.54,1.53,-,0.0,0,0,0,0,0,0.1,2.2,2.2,2.2,2.2,2.2,-,0.0,0,0,0,0,0,0,0.06,0.06,0.06,0.06,0.06,-,0,0,0,0,0,0,0,0,2.91,2.91,2.91,2.91,-,0.15,0.15,0.15,0.15,0.15,0.15,0.15,0.15,0.15,0.15,0.15,0.15,-,2024.0
KOTA PADANG,2.05,2.05,2.05,2.05,2.05,2.05,1.48,1.19,1.19,1.82,1.82,1.82,-,5.75,5.75,5.75,5.75,5.75,5.75,2.52,2.52,2.52,2.52,2.52,2.52,-,3.61,3.61,3.61,3.61,3.61,3.61,3.3,3.3,3.3,3.3,3.3,3.3,-,0.62,0.62,0.62,0.62,0.62,0.62,0.62,0,0,1.36,1.36,1.36,-,0.44,0.44,0.44,0.44,0.44,0.44,0.69,0.69,0.69,0.69,0.69,0.69,-,2024.0
KOTA BUKITTINGGI,4.4,4.4,4.4,4.4,4.4,4.4,4.44,4.58,1.35,1.49,1.49,1.49,-,8.06,8.06,8.06,8.06,8.06,8.06,6.22,6.22,1.56,1.56,1.56,1.56,-,0.0,0,0,0,0,0,0.89,1.74,1.74,1.74,1.74,1.74,-,7.46,7.46,7.46,7.46,7.46,7.46,7.46,7.46,0,0.63,0.63,0.63,-,0.25,0.25,0.25,0.25,0.25,0.25,2,2,2,2,2,2,-,2024.0
TEMBILAHAN,0.66,0.66,0.66,0.66,0.66,0.66,1.55,1.56,2.58,2.58,2.58,2.58,-,1.99,1.99,1.99,1.99,1.99,1.99,0.92,3.04,3.04,3.04,3.04,3.04,-,1.4,1.4,1.4,1.4,1.4,1.4,5.47,4.26,4.26,4.26,4.26,4.26,-,0,0,0,0,0,0,0,0,1.86,1.86,1.86,1.86,-,0,0,0,0,0,0,0,0,0,0,0,0,-,2024.0
KAB KAMPAR,0.51,0.51,0.51,0.51,0.51,0.51,1.64,1.64,1.64,1.64,1.64,1.65,-,1.16,1.16,1.16,1.16,1.16,1.16,4.81,4.81,4.81,4.81,4.81,4.81,-,0.0,0,0,0,0,0,0,0,0,0,0,0.06,-,0,0,0,0,0,0,0,0,0,0,0,0,-,10.96,10.96,10.96,10.96,10.96,10.96,13.91,13.91,13.56,13.56,13.56,13.56,-,2024.0
KOTA PEKANBARU,1.45,1.48,2.27,2.27,2.26,2.26,2.62,2.35,2.06,2.06,2.15,2.15,-,4.18,4.18,4.18,4.18,4.18,4.18,4.49,4.02,2.85,2.85,2.85,2.85,-,0.69,0.69,0.69,0.69,0.69,0.69,1.39,1.25,1.25,1.25,1.25,1.25,-,0,0,0,0,0,0,0,0,0,0,0,0,-,1.59,1.85,8.02,8.02,7.92,7.92,8.36,7.41,7.41,7.41,8.09,8.09,-,2024.0
KOTA DUMAI,1.91,1.43,1.43,1.43,1.43,1.43,2.08,1.59,1.59,1.59,1.59,1.59,-,6.14,4.81,4.81,4.81,4.81,4.81,6.86,5.21,5.21,5.21,5.21,5.21,-,0.16,0.16,0.16,0.16,0.16,0.16,0.3,0.14,0.14,0.14,0.14,0.14,-,0,0,0,0,0,0,0,0,0,0,0,0,-,1.38,0,0,0,0,0,0,0,0,0,0,0,-,2024.0
KAB KERINCI,1.96,1.96,1.15,1.15,1.15,1.15,1.15,0.06,0.06,0.06,0.06,0.06,-,12.68,12.68,7.13,7.13,7.13,7.13,7.13,0.29,0.29,0.29,0.29,0.29,-,0.0,0,0,0,0,0,0,0,0,0,0,0,-,0,0,0,0,0,0,0,0,0,0,0,0,-,-,-,-,-,-,-,-,-,-,-,-,-,-,2024.0
MUARA BUNGO,2.82,2.82,2.82,2.82,2.04,2.04,4.23,4.33,2.8,2.8,2.8,2.8,-,5.01,5.01,5.01,5.01,1.22,1.22,6.99,6.99,6.99,6.99,6.99,6.99,-,1.12,1.12,1.12,1.12,1.12,1.12,2.56,2.56,2.56,2.56,2.56,2.56,-,4.27,4.27,4.27,4.27,4.27,4.27,4.27,4.27,0.09,0.09,0.09,0.09,-,0.45,0.45,0.44,0.44,0.25,0.25,3.22,3.61,3.61,3.61,3.61,3.61,-,2024.0
KOTA JAMBI,1.85,1.72,1.72,1.72,1.72,1.72,0.9,1.47,1.47,1.47,1.47,1.48,-,3.27,2.82,2.82,2.82,2.82,2.82,0.21,2.16,2.16,2.16,2.16,2.16,-,0.0,0,0,0,0,0,0,0.09,0.09,0.09,0.09,0.1,-,0.26,0.26,0.26,0.26,0.26,0.26,0,0,0,0,0,0,-,5.43,5.43,5.43,5.43,5.43,5.43,5.43,5.43,5.43,5.43,5.43,5.43,-,2024.0
KAB OGAN KOMERING ILIR,5.77,4.57,4.57,4.57,2.23,2.23,1.61,1.61,1.77,1.77,1.77,1.77,-,0.0,0,0,0,0,0,2.07,2.07,2.07,2.07,2.07,2.07,-,0.0,0,0,0,0,0,4.48,4.48,5.04,5.04,5.04,5.04,-,0,0,0,0,0,0,0,0,0,0,0,0,-,29.41,22.22,22.22,22.22,10,10,0,0,0,0,0,0,-,2024.0
KAB MUARA ENIM,0.0,0,0,0,0,0,0.59,0.59,0.59,0.59,0.59,0.59,-,0.0,0,0,0,0,0,1.11,1.11,1.11,1.11,1.11,1.11,-,0.0,0,0,0,0,0,1.34,1.34,1.34,1.34,1.34,1.34,-,0,0,0,0,0,0,0,0,0,0,0,0,-,-,-,-,-,-,-,-,-,-,-,-,-,-,2024.0
KOTA PALEMBANG,2.13,1.57,1.53,1.53,1.53,1.53,3.21,1.95,1.95,1.95,2,2,-,0.58,0.58,0.39,0.39,0.39,0.39,4.25,4.01,4.01,4.01,4.01,4.01,-,4.37,4.37,4.37,4.37,4.37,4.37,4.37,0.08,0.08,0.08,0.08,0.08,-,0,0,0,0,0,0,0,0,0,0,0,0,-,5.55,1.52,1.52,1.52,1.52,1.52,7.78,7.78,7.78,7.78,8.17,8.17,-,2024.0
KOTA LUBUK LINGGAU,1.77,1.77,1.77,1.77,1.77,1.77,2.14,1.2,1.78,1.78,1.78,1.78,-,1.41,1.41,1.41,1.41,1.41,1.41,2.42,2.42,2.42,2.42,2.42,2.42,-,0.54,0.54,0.54,0.54,0.54,0.54,0.31,0.31,0.31,0.31,0.31,0.31,-,2.57,2.57,2.57,2.57,2.57,2.57,2.57,0,1.58,1.58,1.58,1.58,-,2.32,2.32,2.32,2.32,2.32,2.32,3.69,3.69,3.69,3.69,3.69,3.69,-,2024.0
KAB MUKO MUKO,3.87,3.87,3.87,3.87,3.87,3.87,5.72,2.56,2.57,2.57,2.57,2.57,-,0.0,0,0,0,0,0,10,13.16,13.16,13.16,13.16,13.16,-,0.0,0,0,0,0,0,-1.58,-1.56,-1.54,-1.54,-1.54,-1.54,-,-,-,-,-,-,-,-,-,-,-,-,-,-,12.62,12.62,12.62,12.62,12.62,12.62,12.62,0,0,0,0,0,-,2024.0
KOTA BENGKULU,1.36,1.36,1.36,1.36,1.13,1.13,1.38,0.84,0.84,1.82,1.82,1.82,-,0.66,0.66,0.66,0.66,0.66,0.66,2.54,1.87,1.87,1.87,1.87,1.87,-,0.24,0.24,0.24,0.24,0.24,0.24,0.88,0.64,0.64,0.64,0.64,0.64,-,0,0,0,0,0,0,0,0,0,2.74,2.74,2.74,-,6.31,6.31,6.31,6.31,5.03,5.03,3.11,1.34,1.34,1.34,1.34,1.34,-,2024.0
KAB LAMPUNG TIMUR,0.0,0,0,0,0,0,0,0,0,0,0,0,-,0.0,0,0,0,0,0,0,0,0,0,0,0,-,0.0,0,0,0,0,0,0,0,0,0,0,0,-,0,0,0,0,0,0,0,0,0,0,0,0,-,0,0,0,0,0,0,0,0,0,0,0,0,-,2024.0
KAB MESUJI,0.64,0.64,0.64,0.22,0.22,0.22,0.22,9.19,9.12,8.95,8.95,8.95,-,2.74,2.74,2.74,0.93,0.93,0.93,0.93,-0.57,-0.88,-1.49,-1.49,-1.49,-,0.0,0,0,0,0,0,0,21.29,21.29,21.29,21.29,21.29,-,0,0,0,0,0,0,0,0,0,0,0,0,-,-,-,-,-,-,-,-,-,-,-,-,-,-,2024.0
KOTA BANDAR LAMPUNG,3.69,3.69,3.69,3.69,3.69,3.77,3.08,2.26,7.21,7.26,7.26,7.26,-,6.86,6.86,6.86,6.86,6.86,6.86,3.45,1.07,1.07,1.07,1.07,1.07,-,4.54,4.54,4.54,4.54,4.54,4.54,4.54,3.45,3.45,3.45,3.45,3.45,-,2.2,2.2,2.2,2.2,2.2,2.2,2.2,2.2,16.4,16.4,16.4,16.4,-,0.69,0.69,0.69,0.69,0.69,1.37,0.94,0.94,0.94,1.39,1.39,1.39,-,2024.0
KOTA METRO,1.2,1.2,1.2,1.2,1.2,1.2,2.85,3.35,2.46,2.46,2.46,2.46,-,1.94,1.94,1.94,1.94,1.94,1.94,6.68,7.64,5.59,5.59,5.59,5.59,-,1.32,1.32,1.32,1.32,1.32,1.32,1.32,3.3,1.96,1.96,1.96,1.96,-,0.28,0.28,0.28,0.28,0.28,0.28,0.28,0.28,0.12,0.12,0.12,0.12,-,2.26,2.26,2.26,2.26,2.26,2.26,7.35,4.97,4.97,4.97,4.97,4.97,-,2024.0
TANJUNG PANDAN,6.88,7.03,7.03,7.03,7.03,7.03,7.03,7.9,4.34,3.5,3.39,3.39,-,7.22,7.22,7.22,7.22,7.22,7.22,7.22,8.21,4.36,1.31,0.92,0.92,-,11.56,12.11,12.11,12.11,12.11,12.11,12.11,14.37,2.37,2.37,2.37,2.37,-,8.28,8.28,8.28,8.28,8.28,8.28,8.28,8.28,11.71,11.71,11.71,11.71,-,0,0,0,0,0,0,0,0,0,0,0,0,-,2024.0
KAB BANGKA BARAT,1.57,1.57,1.57,1.57,0.2,0.2,-0.08,1.05,1.05,1.05,1.05,1.05,-,0.85,0.85,0.85,0.85,0.85,0.85,-0.92,1.77,1.77,1.77,1.77,1.77,-,0.0,0,0,0,0,0,0.5,0.24,0.24,0.24,0.24,0.24,-,0,0,0,0,0,0,0,0,0,0,0,0,-,8.4,8.4,8.4,8.4,0,0,0,3.25,3.25,3.25,3.25,3.25,-,2024.0
KAB BELITUNG TIMUR,0.0,0,0,0,0,0,0.02,0.05,15.23,15.23,15.23,15.31,-,0.0,0,0,0,0,0,0.16,0.33,0.33,0.33,0.33,0.88,-,0.0,0,0,0,0,0,0,0,0,0,0,0,-,0,0,0,0,0,0,0,0,42.86,42.86,42.86,42.86,-,0,0,0,0,0,0,0,0,0,0,0,0,-,2024.0
KOTA PANGKAL PINANG,0.59,0.59,0.59,0.59,0.59,0.59,0.59,0.82,0.92,0.92,0.92,0.92,-,0.55,0.55,0.55,0.55,0.55,0.55,0.55,1.11,1.79,1.79,1.79,1.79,-,0.23,0.23,0.23,0.23,0.23,0.23,0.23,0.65,1.58,1.58,1.58,1.58,-,0,0,0,0,0,0,0,0.09,0.09,0.09,0.09,0.09,-,1.21,1.21,1.21,1.21,1.21,1.21,1.21,1.01,0,0,0,0,-,2024.0
KAB KARIMUN,0.0,0,0,0,0,0,-8.16,-7.1,-7.1,-7.1,-7.1,-7.1,-,0.0,0,0,0,0,0,0.64,5.03,5.03,5.03,5.03,5.03,-,0.0,0,0,0,0,0,-26.81,-26.81,-26.81,-26.81,-26.81,-26.81,-,0,0,0,0,0,0,0,0,0,0,0,0,-,0,0,0,0,0,0,0,1.66,1.66,1.66,1.66,1.66,-,2024.0
KOTA BATAM,2.59,2.59,2.59,2.59,2.59,2.59,0.2,-0.64,-1.45,-1.45,-1.45,-1.45,-,1.95,1.95,1.95,1.95,1.95,1.95,2.67,0.71,0.71,0.71,0.71,0.71,-,1.08,1.08,1.08,1.08,1.08,1.08,-8.86,-9.84,-9.84,-9.84,-9.84,-9.84,-,5.36,5.36,5.36,5.36,5.36,5.36,5.36,5.36,2.64,2.64,2.64,2.64,-,0.55,0.55,0.55,0.55,0.55,0.55,1.44,0.89,0.89,0.89,0.89,0.89,-,2024.0
KOTA TANJUNG PINANG,4.51,3.28,3.28,3.28,3.28,3.28,-1.29,-1.89,-3.04,-2.1,-2.1,-2.1,-,3.53,3.53,3.53,3.53,3.53,3.53,7.41,5.98,5.98,5.98,5.98,5.98,-,1.53,1.53,1.53,1.53,1.53,1.53,-20.61,-21.8,-21.8,-21.8,-21.8,-21.8,-,6.34,6.34,6.34,6.34,6.34,6.34,6.34,6.34,2.51,2.51,2.51,2.51,-,5.7,0.67,0.67,0.67,0.67,0.67,0.67,0.67,0.67,4.65,4.65,4.65,-,2024.0
KOTA JAKARTA,1.61,1.61,2.12,2.19,2.18,2.18,2.93,2.44,2.35,2.2,2.2,2.39,-,1.42,1.42,1.42,1.42,1.36,1.36,1.82,3.56,3.56,3.56,3.56,3.56,-,3.0,3,3,3,3,3,4.62,2.11,2.11,2.11,2.11,2.82,-,0.44,0.44,0.44,0.44,0.44,0.44,0.87,0.43,0.43,0.43,0.43,0.43,-,2.85,2.85,8.87,9.77,9.77,9.77,9.77,9.77,8.73,6.82,6.82,6.82,-,2024.0
KAB BANDUNG,0.4,0.4,0.4,0.4,0.4,0.03,2.04,2.11,2.85,2.85,2.85,2.85,-,2.31,2.31,2.31,2.31,2.31,0.17,1.98,1.98,1.98,1.98,1.98,1.98,-,0.0,0,0,0,0,0,3.57,3.57,3.57,3.57,3.57,3.57,-,0,0,0,0,0,0,0,0,1.99,1.99,1.99,1.99,-,0,0,0,0,0,0,4.36,5.14,5.14,5.14,5.14,5.14,-,2024.0
KAB MAJALENGKA,0.81,0.81,0.81,0.81,0.81,0.25,0.25,1.24,1.34,1.34,1.34,1.34,-,4.7,4.7,4.7,4.7,4.7,1.4,1.4,4.78,4.78,4.78,4.78,4.78,-,0.0,0,0,0,0,0,0,0.88,0.88,0.88,0.88,0.88,-,0,0,0,0,0,0,0,0,0.25,0.25,0.25,0.25,-,-,-,-,-,-,-,-,-,-,-,-,-,-,2024.0
KAB SUBANG,0.82,0.82,0.82,0.82,0.82,0.67,0.61,0.61,0.67,0.67,0.67,0.06,-,1.13,1.13,1.13,1.13,1.13,0.22,0,0,0,0,0,0,-,0.0,0,0,0,0,0,0,0,0,0,0,0,-,0,0,0,0,0,0,0,0,0.14,0.14,0.14,0.14,-,3.91,3.91,3.91,3.91,3.91,3.91,3.7,3.7,3.7,3.7,3.7,0,-,2024.0
KOTA BOGOR,0.84,0.84,0.84,0.82,0.82,0.82,2.67,4.38,4.59,4.59,4.59,4.59,-,0.77,0.77,0.77,0.77,0.77,0.77,1.52,1.52,1.52,1.52,1.52,1.52,-,1.72,1.72,1.72,1.72,1.72,1.72,6.21,6.21,6.21,6.21,6.21,6.21,-,0,0,0,0,0,0,0,4.33,4.33,4.33,4.33,4.33,-,0.18,0.18,0.18,0,0,0,0,4.59,6.85,6.85,6.85,6.85,-,2024.0
KOTA SUKABUMI,0.09,0.09,0.09,0.09,0.09,0.09,0.33,0.54,0.43,4.41,4.41,4.41,-,-1.8,-1.8,-1.8,-1.8,-1.8,-1.8,0.3,1.39,1.39,1.39,1.39,1.39,-,0.9,0.9,0.9,0.9,0.9,0.9,0,0.59,0.59,0.59,0.59,0.59,-,0.38,0.38,0.38,0.38,0.38,0.38,0.38,0,0,9.11,9.11,9.11,-,0.87,0.87,0.87,0.87,0.87,0.87,0.87,0.87,0,0,0,0,-,2024.0
KOTA BANDUNG,0.42,0.42,0.43,0.43,0.43,0.37,0.78,0.93,0.93,0.93,0.93,0.93,-,0.13,0.13,0.13,0.13,0.13,0.13,1.58,1.58,1.58,1.58,1.58,1.58,-,0.69,0.69,0.69,0.69,0.69,0.69,1.56,1.56,1.56,1.56,1.56,1.56,-,0.37,0.37,0.37,0.37,0.37,0.37,0.37,0.64,0.64,0.64,0.64,0.64,-,0.93,0.93,1.07,1.07,1.12,0.19,0.29,0.29,0.29,0.29,0.29,0.29,-,2024.0
KOTA CIREBON,1.42,1.42,1.42,1.42,1.42,1.42,0,0.76,1.71,1.71,1.71,1.71,-,4.04,4.04,4.04,4.04,4.04,4.04,0,0.79,0.79,0.79,0.79,0.79,-,1.55,1.55,1.55,1.55,1.55,1.55,0,0.23,0.23,0.23,0.23,0.23,-,0,0,0,0,0,0,0,0,2.91,2.91,2.91,2.91,-,0,0,0,0,0,0,0,3.43,3.43,3.43,3.43,3.43,-,2024.0
KOTA BEKASI,2.27,2.27,2.27,2.27,2.27,2.27,2.15,2.96,2.96,2.96,2.96,2.96,-,2.36,2.36,2.36,2.36,2.36,2.36,2.39,2.39,2.39,2.39,2.39,2.39,-,3.79,3.79,3.79,3.79,3.79,3.79,4.36,4.36,4.36,4.36,4.36,4.36,-,1.03,1.03,1.03,1.03,1.03,1.03,1.03,3.02,3.02,3.02,3.02,3.02,-,2.99,2.99,2.99,2.99,2.96,2.96,0.01,0.01,0.01,0.01,0.01,0.01,-,2024.0
KOTA DEPOK,2.18,2.18,2.18,2.18,2.18,2.18,1.21,1.43,1.67,1.67,1.67,1.67,-,1.84,1.84,1.84,1.84,1.84,1.84,0,2.62,2.62,2.62,2.62,2.62,-,2.25,2.25,2.25,2.25,2.25,2.25,0,0.38,0.38,0.38,0.38,0.38,-,2.03,2.03,2.03,2.03,2.03,2.03,2.03,0,0.88,0.88,0.88,0.88,-,3.36,3.36,3.36,3.36,3.36,3.36,6.89,6.09,6.09,6.09,6.09,6.09,-,2024.0
KOTA TASIKMALAYA,2.63,2.63,2.63,2.63,2.63,2.63,2.28,2.08,2.48,2.48,2.48,2.48,-,2.69,2.69,2.69,2.69,2.69,2.69,3.18,3.18,3.24,3.24,3.24,3.24,-,2.3,2.3,2.3,2.3,2.3,2.3,0.57,0.57,0.57,0.57,0.57,0.57,-,1.09,1.09,1.09,1.09,1.09,1.09,1.09,0,0.51,0.51,0.51,0.51,-,6.95,6.95,6.95,6.95,6.95,6.95,6.84,7.93,9.06,9.06,9.06,9.06,-,2024.0
CILACAP,1.74,1.74,1.74,1.74,1.74,1.74,1.45,2.65,1.78,1.78,1.78,1.78,-,3.6,3.6,3.6,3.6,3.6,3.6,2.48,5.34,4.05,4.05,4.05,4.05,-,0.16,0.16,0.16,0.16,0.16,0.16,0.16,1.38,1.22,1.22,1.22,1.22,-,1.61,1.61,1.61,1.61,1.61,1.61,1.61,1.66,0.05,0.05,0.05,0.05,-,4.91,4.91,4.91,4.91,4.91,4.91,4.52,4.52,4.52,4.52,4.52,4.52,-,2024.0
PURWOKERTO,0.86,0.8,0.8,0.8,0.8,0.8,0.72,0.57,1.05,1.05,1.05,1.23,-,1.72,1.72,1.72,1.72,1.72,1.72,1.33,0.79,0.79,0.79,0.79,0.79,-,0.28,0.28,0.28,0.28,0.28,0.28,0.28,0.65,0.65,0.65,0.65,0.65,-,0,0,0,0,0,0,0,0,1.98,1.98,1.98,1.98,-,3.17,2.69,2.69,2.69,2.69,2.69,2.81,1.56,0.16,0.16,0.16,1.52,-,2024.0
KAB WONOSOBO,0.74,0.74,0.74,0.74,0.76,0.02,0.04,0.04,1.31,1.31,1.31,1.31,-,3.21,3.21,3.21,3.21,3.21,0,0,0,1.15,1.15,1.15,1.15,-,0.0,0,0,0,0,0,0,0,3.25,3.25,3.25,3.25,-,0,0,0,0,0,0,0,0,0,0,0,0,-,0,0,0,0,0.08,0.08,0.18,0.18,0.18,0.18,0.18,0.18,-,2024.0
KAB WONOGIRI,0.0,0,0,0,0,0,0.24,1.09,2.32,2.32,2.32,2.32,-,0.0,0,0,0,0,0,0,2.1,2.1,2.1,2.1,2.1,-,0.0,0,0,0,0,0,0,1.04,1.04,1.04,1.04,1.04,-,0,0,0,0,0,0,0,0,3.52,3.52,3.52,3.52,-,0,0,0,0,0,0,4.53,4.53,4.53,4.53,4.53,4.53,-,2024.0
KAB REMBANG,0.0,0.04,0.04,0.04,0.04,0.04,1.09,1.09,1.09,2.69,2.69,2.69,-,0.0,0,0,0,0,0,5.02,5.02,5.02,5.02,5.02,5.02,-,0.0,0,0,0,0,0,0.03,0.03,0.03,0.03,0.03,0.03,-,0,0,0,0,0,0,0,0,0,3.91,3.91,3.91,-,0,0.66,0.66,0.66,0.66,0.66,0.97,0.97,0.97,0.97,0.97,0.97,-,2024.0
KUDUS,4.98,4.98,4.98,4.98,4.98,4.98,4.66,5.14,5.48,2.93,2.93,2.93,-,3.13,3.13,3.13,3.13,3.13,3.13,2.57,5.73,7.34,7.34,7.34,7.34,-,4.39,4.39,4.39,4.39,4.39,4.39,3.84,2.47,0.31,0.31,0.31,0.31,-,8.23,8.23,8.23,8.23,8.23,8.23,8.23,8.23,9.65,1.31,1.31,1.31,-,2.28,2.28,2.28,2.28,2.28,2.28,2.28,2.94,4.43,4.43,4.43,4.43,-,2024.0
KOTA SURAKARTA,1.66,1.66,1.66,1.66,1.66,1.66,1.63,1.67,3.29,3.26,3.26,3.26,-,3.07,3.07,3.07,3.07,3.07,3.07,4.86,3.72,3.72,3.72,3.72,3.72,-,2.65,2.65,2.65,2.65,2.65,2.65,0.65,1.94,1.94,1.94,1.94,1.94,-,0.07,0.07,0.07,0.07,0.07,0.07,0.07,0.07,4.87,4.79,4.79,4.79,-,0,0,0,0,0,0,0,0,0,0,0,0,-,2024.0
KOTA SEMARANG,2.05,2.05,2.05,2.05,2.05,2.05,1.01,0.93,0.83,0.83,0.83,0.83,-,4.68,4.68,4.68,4.68,4.68,4.68,2.48,0.57,0.57,0.57,0.57,0.57,-,1.47,1.47,1.47,1.47,1.47,1.47,0.74,0.74,0.74,0.74,0.74,0.74,-,0.33,0.33,0.33,0.33,0.33,0.33,0.33,1.73,1.4,1.4,1.4,1.4,-,2.15,2.15,2.15,2.15,2.15,2.15,0,0,0,0,0,0,-,2024.0
KOTA TEGAL,3.44,3.33,4.46,4.46,4.46,4.46,4.85,3.55,5.46,5.46,5.46,5.46,-,5.48,5.48,5.48,5.48,5.48,5.48,3.18,3.12,3.57,3.57,3.57,3.57,-,1.43,1.43,1.43,1.43,1.43,1.43,3.96,4.25,4.25,4.25,4.25,4.25,-,5.21,5.21,8.88,8.88,8.88,8.88,8.88,4.26,10.04,10.04,10.04,10.04,-,0.77,0,0,0,0,0,0.95,0.95,0.95,0.95,0.95,0.95,-,2024.0
KAB GUNUNGKIDUL,0.07,0.07,0.07,0.07,0.07,0.07,1.02,1.02,1.02,0.95,0.95,0.95,-,0.0,0,0,0,0,0,1.42,1.42,1.42,1.42,1.42,1.42,-,0.0,0,0,0,0,0,2.32,2.32,2.32,2.32,2.32,2.32,-,0,0,0,0,0,0,0,0,0,0,0,0,-,0.59,0.59,0.59,0.59,0.59,0.59,0.59,0.59,0.59,0,0,0,-,2024.0
KOTA YOGYAKARTA,2.99,2.99,2.99,2.99,2.99,2.99,4.01,2.83,2.83,1.24,1.27,1.27,-,2.89,2.89,2.89,2.89,2.89,2.89,5.62,3.2,3.2,3.2,3.33,3.33,-,2.55,2.55,2.55,2.55,2.55,2.55,3.95,1.36,1.36,1.36,1.36,1.36,-,3.55,3.55,3.55,3.55,3.55,3.55,3.55,3.55,3.55,0.18,0.18,0.18,-,1.46,1.46,1.46,1.46,1.46,1.41,1.86,1.86,1.86,0.74,0.74,0.74,-,2024.0
KAB TULUNGAGUNG,0.0,0,0,0,0,0,0.75,0.87,0.87,0.87,0.87,0.87,-,0.0,0,0,0,0,0,2.16,2.16,2.16,2.16,2.16,2.16,-,0.0,0,0,0,0,0,0.65,0.65,0.65,0.65,0.65,0.65,-,0,0,0,0,0,0,0,0.39,0.39,0.39,0.39,0.39,-,0,0,0,0,0,0,0.58,0.58,0.58,0.58,0.58,0.58,-,2024.0
JEMBER,0.34,0.34,0.31,0.67,0.67,0.67,0.8,0.8,0.85,0.85,0.85,0.85,-,0.0,0,0,0,0,0,0.29,0.29,0.29,0.29,0.29,0.29,-,0.0,0,0,0,0,0,1.87,1.87,1.87,1.87,1.87,1.87,-,0,0,0,0,0,0,0,0,0,0,0,0,-,4.95,4.82,4.35,9.46,9.46,9.46,4.89,4.89,5.48,5.48,5.48,5.48,-,2024.0
BANYUWANGI,2.11,2.11,2.11,2.11,2.11,2.11,3.3,2.91,2.91,2.91,2.91,2.91,-,1.91,1.91,1.91,1.91,1.91,1.91,3.75,1.8,1.8,1.8,1.8,1.8,-,2.84,2.84,2.84,2.84,2.84,2.84,5.29,2.38,2.38,2.38,2.38,2.38,-,2.32,2.32,2.32,2.32,2.32,2.32,2.32,5.22,5.22,5.22,5.22,5.22,-,0,0,0,0,0,0,0,0,0,0,0,0,-,2024.0
KAB BOJONEGORO,0.0,0.61,0.61,0.61,0.77,0.77,1.69,2.37,2.37,2.37,2.37,2.37,-,0.0,0,0,0,0,0,1.82,5.34,5.34,5.34,5.34,5.34,-,0.0,0,0,0,0,0,1.14,1.14,1.14,1.14,1.14,1.14,-,0,0,0,0,0,0,0,0,0,0,0,0,-,0,4.21,4.21,4.21,5.29,5.29,7.65,8.28,8.28,8.28,8.28,8.28,-,2024.0
KAB GRESIK,0.15,0.25,0.25,0.31,0.31,0.31,2.07,2.65,2.65,2.65,2.65,2.65,-,0.0,0,0,0,0,0,4.69,4.69,4.69,4.69,4.69,4.69,-,0.0,0,0,0,0,0,0.89,0.89,0.89,0.89,0.89,0.89,-,0,0,0,0,0,0,0,2.37,2.37,2.37,2.37,2.37,-,1.13,1.81,1.81,2.24,2.24,2.24,3.03,3.03,3.03,3.03,3.03,3.03,-,2024.0
SUMENEP,2.24,2.24,2.24,2.24,2.24,2.24,2.85,2.75,2.75,1.7,1.7,1.7,-,4.7,4.7,4.7,4.7,4.7,4.7,6.49,9.83,9.83,5.38,5.38,5.38,-,0.03,0.03,0.03,0.03,0.03,0.03,1.62,1.59,1.59,1.59,1.59,1.59,-,2.55,2.55,2.55,2.55,2.55,2.55,2.55,0,0,0,0,0,-,0.69,0.69,0.69,0.69,0.69,0.69,0,0.27,0.27,0.27,0.27,0.27,-,2024.0
KOTA KEDIRI,0.74,0.74,0.74,0.74,0.74,0.74,1.08,0.56,1.98,1.98,1.98,1.98,-,-0.79,-0.79,-0.79,-0.79,-0.79,-0.79,0.09,1.18,1.18,1.19,1.19,1.19,-,2.68,2.68,2.68,2.68,2.68,2.68,3.64,0.93,0.93,0.93,0.93,0.93,-,0,0,0,0,0,0,0,0,3.7,3.7,3.7,3.7,-,1.16,1.16,1.16,1.16,1.14,1.14,0.46,0.46,0.46,0.46,0.46,0.46,-,2024.0
KOTA MALANG,1.44,1.44,1.44,1.44,1.44,1.44,1.23,1.21,1.21,1.21,1.21,1.21,-,2.24,2.24,2.24,2.24,2.24,2.24,1.98,1.98,1.98,1.98,1.98,1.98,-,1.19,1.19,1.19,1.19,1.19,1.19,0.55,0.55,0.55,0.55,0.55,0.55,-,1.36,1.36,1.36,1.36,1.36,1.36,1.36,1.33,1.33,1.33,1.33,1.33,-,0.2,0.2,0.2,0.2,0.2,0.2,0.04,0.04,0.04,0.04,0.04,0.04,-,2024.0
KOTA PROBOLINGGO,1.17,1.14,1.14,1.14,1.14,1.14,0.88,0.88,2.77,2.71,2.71,2.71,-,3.77,3.77,3.77,3.77,3.77,3.77,3.77,3.77,3.77,3.77,3.77,3.77,-,1.4,1.4,1.4,1.4,1.4,1.4,0.21,0.21,0.21,0.21,0.21,0.21,-,0.18,0.18,0.18,0.18,0.18,0.18,0.18,0.18,4.71,4.52,4.52,4.52,-,0.18,0,0,0,0,0,0,0,0,0.09,0.09,0.09,-,2024.0
KOTA MADIUN,1.47,1.47,1.45,1.48,1.48,1.57,1.33,1.33,1.66,1.32,1.32,1.32,-,1.7,1.7,1.7,1.7,1.7,2,1.1,1.1,1.1,1.1,1.1,1.1,-,0.21,0.21,0.21,0.21,0.21,0.21,0.46,0.46,0.46,0.46,0.46,0.46,-,0,0,0,0,0,0,0,0,0,0,0,0,-,4.22,4.22,4.14,4.3,4.3,4.3,4.3,4.3,5.84,4.18,4.18,4.18,-,2024.0
KOTA SURABAYA,1.76,1.76,1.74,1.74,1.74,1.74,2.27,1.34,1.3,1.3,1.3,1.3,-,1.84,1.84,1.84,1.84,1.84,1.84,2.98,3.12,3.12,3.12,3.12,3.12,-,1.09,1.09,1.09,1.09,1.09,1.09,1.77,1.77,1.77,1.77,1.77,1.77,-,3.11,3.11,3.11,3.11,3.11,3.11,3.11,0.08,0.08,0.08,0.08,0.08,-,0.35,0.35,0.26,0.26,0.26,0.26,0.68,0.68,0.42,0.42,0.42,0.42,-,2024.0
KAB PANDEGLANG,0.17,0.17,0.17,0.17,0.17,0.17,1.51,1.44,1.44,1.44,1.44,1.34,-,0.58,0.58,0.58,0.58,0.58,0.58,4.85,4.61,4.61,4.61,4.61,4.24,-,0.0,0,0,0,0,0,0.25,0.25,0.25,0.25,0.25,0.25,-,0,0,0,0,0,0,0,0,0,0,0,0,-,-,-,-,-,-,-,-,-,-,-,-,-,-,2024.0
KAB LEBAK,0.0,0,0,0,0,0,0.32,0.32,2.67,2.67,2.67,2.67,-,0.0,0,0,0,0,0,0.5,0.5,6.5,6.5,6.5,6.5,-,0.0,0,0,0,0,0,0.95,0.95,1.38,1.38,1.38,1.38,-,0,0,0,0,0,0,0,0,2.67,2.67,2.67,2.67,-,0,0,0,0,0,0,0,0,0,0,0,0,-,2024.0
KOTA TANGERANG,0.11,0.11,0.7,0.7,0.7,0.7,0.78,1.61,1.61,1.72,1.61,1.61,-,0.0,0,0,0,0,0,0,0.21,0.21,0.64,0.64,0.64,-,0.0,0,0,0,0,0,0,2.85,2.85,2.85,2.85,2.85,-,0,0,0,0,0,0,0,0,0,0,0,0,-,0.82,0.82,5.22,5.22,5.22,5.22,5.83,5.83,5.83,5.83,4.96,4.96,-,2024.0
KOTA CILEGON,0.89,0.71,0.71,0.71,0.71,0.71,1.75,1.75,1.75,1.75,1.75,1.75,-,0.71,0.71,0.71,0.71,0.71,0.71,5.41,5.41,5.41,5.41,5.41,5.41,-,0.0,0,0,0,0,0,0.87,0.87,0.87,0.87,0.87,0.87,-,0,0,0,0,0,0,0,0,0,0,0,0,-,4.31,3.19,3.19,3.19,3.19,3.19,2.08,2.08,2.08,2.08,2.08,2.08,-,2024.0
KOTA SERANG,1.76,1.76,1.79,1.79,1.59,1.15,0.82,0.34,0.67,0.67,0.67,0.67,-,2.74,2.74,2.85,2.85,2.85,2.85,2.81,1,1,1,1,1,-,0.0,0,0,0,0,0,0,0,0,0,0,0,-,0,0,0,0,0,0,0,0,0,0,0,0,-,8.68,8.68,8.68,8.68,6.87,3.11,0.54,0.54,3.17,3.17,3.17,3.17,-,2024.0
KAB TABANAN,0.59,0.59,0.59,0.59,0.59,0.59,1.13,2.25,2.25,2.25,2.25,2.25,-,3.4,3.4,3.4,3.4,3.4,3.4,5.08,8.41,8.41,8.41,8.41,8.41,-,0.0,0,0,0,0,0,0.13,1.85,1.85,1.85,1.85,1.85,-,0,0,0,0,0,0,0,0,0,0,0,0,-,0,0,0,0,0,0,2.2,2.2,2.2,2.2,2.2,2.2,-,2024.0
KAB BADUNG,0.8,0.8,0.8,0.8,0.8,0.8,2.34,2.49,2.49,2.01,2.01,2.01,-,3.27,3.27,3.27,3.27,3.27,3.27,9.57,8.12,8.12,6.1,6.1,6.1,-,0.0,0,0,0,0,0,0.04,1.66,1.66,1.66,1.66,1.66,-,0,0,0,0,0,0,0,0,0,0,0,0,-,0,0,0,0,0,0,0,0.27,0.27,0.27,0.27,0.27,-,2024.0
SINGARAJA,-0.18,-0.18,-0.18,-0.18,-0.18,-0.18,0.15,1.3,1.3,1.42,1.42,1.42,-,-1.65,-1.65,-1.65,-1.65,-1.65,-1.65,0.25,3.36,3.36,3.36,3.36,3.36,-,0.0,0,0,0,0,0,0.48,0.48,0.48,0.48,0.48,0.48,-,0,0,0,0,0,0,0,0,0,0.22,0.22,0.22,-,0.82,0.82,0.82,0.82,0.82,0.82,0,7.91,7.91,7.91,7.91,7.91,-,2024.0
KOTA DENPASAR,5.95,5.95,6.12,6.12,6.12,6.12,3.2,4.02,4.03,4.03,4.03,4.03,-,3.36,3.36,3.86,3.86,3.86,3.86,1.77,4.45,4.45,4.45,4.45,4.45,-,4.55,4.55,4.55,4.55,4.55,4.55,0,4.4,4.4,4.4,4.4,4.4,-,8.46,8.46,8.46,8.46,8.46,8.46,8.46,4.94,4.94,4.94,4.94,4.94,-,7.7,7.7,7.94,7.94,7.94,7.94,0.22,0.22,0.25,0.25,0.25,0.25,-,2024.0
KAB SUMBAWA,0.0,0,0,0,0,0,0.75,0.75,0.75,0.75,0.75,0.75,-,0.0,0,0,0,0,0,0.57,0.57,0.57,0.57,0.57,0.57,-,0.0,0,0,0,0,0,1.71,1.71,1.71,1.71,1.71,1.71,-,0,0,0,0,0,0,0,0,0,0,0,0,-,0,0,0,0,0,0,0,0,0,0,0,0,-,2024.0
KOTA MATARAM,1.78,1.78,1.78,1.78,1.5,1.9,1.37,1.38,1.57,1.57,1.57,1.57,-,0.5,0.5,0.5,0.5,0.5,0.5,0.39,0.1,1.12,1.12,1.12,1.12,-,8.28,8.28,8.28,8.28,8.28,8.28,0.14,0.05,0.05,0.05,0.05,0.05,-,0,0,0,0,0,0,0.62,0.62,0.62,0.62,0.62,0.62,-,2.77,2.77,2.77,2.77,0,3.98,9.52,10.35,10.35,10.35,10.35,10.35,-,2024.0
KOTA BIMA,0.65,0.65,0.65,0.65,0.65,0.65,0,0.01,21.97,21.97,21.97,21.97,-,0.12,0.12,0.12,0.12,0.12,0.12,0,0.05,0.05,0.05,0.05,0.05,-,2.65,2.65,2.65,2.65,2.65,2.65,0,0,0.37,0.37,0.37,0.37,-,0,0,0,0,0,0,0,0,44.11,44.11,44.11,44.11,-,0,0,0,0,0,0,0,0,0,0,0,0,-,2024.0
WAINGAPU,0.0,0,0,0,0,0,2.91,2.91,2.91,2.91,2.91,2.91,-,0.0,0,0,0,0,0,0.13,0.13,0.13,0.13,0.13,0.13,-,0.0,0,0,0,0,0,6.95,6.95,6.95,6.95,6.95,6.95,-,0,0,0,0,0,0,1.55,1.55,1.55,1.55,1.55,1.55,-,0,0,0,0,0,0,0,0,0,0,0,0,-,2024.0
KAB TIMOR TENGAH SELATAN,0.0,0,0,0,0,0,2.91,2.91,2.91,2.91,2.91,2.91,-,0.0,0,0,0,0,0,18.68,18.68,18.68,18.68,18.68,18.68,-,0.0,0,0,0,0,0,3.3,3.3,3.3,3.3,3.3,3.3,-,0,0,0,0,0,0,0,0,0,0,0,0,-,-,-,-,-,-,-,-,-,-,-,-,-,-,2024.0
MAUMERE,1.19,1.19,1.19,1.15,1.15,1.15,1.2,0.06,4.56,4.56,4.56,4.56,-,0.2,0.2,0.2,0,0,0,0.2,0.2,2.09,2.09,2.09,2.09,-,3.01,3.01,3.01,3.01,3.01,3.01,3.01,0,10.73,10.73,10.73,10.73,-,0.04,0.04,0.04,0.04,0.04,0.04,0.04,0.04,0,0,0,0,-,-,-,-,-,-,-,-,-,-,-,-,-,-,2024.0
KAB NGADA,0.52,0.52,0.24,0.24,0.24,0.24,0.55,0.55,0.55,0.55,0.31,0.31,-,2.66,2.66,1.22,1.22,1.22,1.22,2.83,2.83,2.83,2.83,1.59,1.59,-,0.0,0,0,0,0,0,0,0,0,0,0,0,-,0,0,0,0,0,0,0,0,0,0,0,0,-,-,-,-,-,-,-,-,-,-,-,-,-,-,2024.0
KOTA KUPANG,0.04,0.04,0.04,0.04,0.04,0.04,0.04,0,0,0,0,0,-,0.16,0.16,0.16,0.16,0.16,0.16,0.16,0,0,0,0,0,-,0.0,0,0,0,0,0,0,0,0,0,0,0,-,0.03,0.03,0.03,0.03,0.03,0.03,0.03,0,0,0,0,0,-,0,0,0,0,0,0,0,0,0,0,0,0,-,2024.0
KAB KETAPANG,0.29,0.29,0.29,0.29,0.29,0.29,0.52,0.66,0.66,0.37,0.37,0.37,-,0.0,0,0,0,0,0,0,0.57,0.57,0.57,0.57,0.57,-,0.0,0,0,0,0,0,0,0.46,0.46,0.46,0.46,0.46,-,0,0,0,0,0,0,0,0,0,0,0,0,-,1.18,1.18,1.18,1.18,1.18,1.18,2.16,2.16,2.16,0.97,0.97,0.97,-,2024.0
SINTANG,0.0,0,0,0,0,0,0,0,0,0,0,0,-,0.0,0,0,0,0,0,0,0,0,0,0,0,-,0.0,0,0,0,0,0,0,0,0,0,0,0,-,0,0,0,0,0,0,0,0,0,0,0,0,-,0,0,0,0,0,0,0,0,0,0,0,0,-,2024.0
KAB KAYONG UTARA,2.92,2.92,2.92,2.92,2.92,2.92,2.92,3.13,3.13,1.11,0.2,0.2,-,4.2,4.2,4.2,4.2,4.2,4.2,4.2,4.2,4.2,4.2,0.01,0.01,-,0.0,0,0,0,0,0,0,0.73,0.73,0.73,0.73,0.73,-,-,-,-,-,-,-,-,-,-,-,-,-,-,4.08,4.08,4.08,4.08,4.08,4.08,4.08,4.08,4.08,0,0,0,-,2024.0
KOTA PONTIANAK,0.7,1.36,1.36,1.36,1.36,1.36,1.37,0.99,4.14,4.14,4.14,4.14,-,1.08,1.08,1.08,1.08,1.08,1.08,1.14,1.14,5.4,5.4,5.4,5.4,-,-0.25,-0.25,-0.25,-0.25,-0.25,-0.25,-0.25,0,2.47,2.47,2.47,2.47,-,0,0,0,0,0,0,0,0,4.45,4.45,4.45,4.45,-,2.77,6.86,6.86,6.86,6.86,6.86,6.86,3.98,4.26,4.26,4.26,4.26,-,2024.0
KOTA SINGKAWANG,1.36,1.36,1.36,1.36,1.36,1.36,0.02,1.24,1.24,1.24,1.24,1.24,-,0.89,0.89,0.89,0.89,0.89,0.89,0,1.51,1.51,1.51,1.51,1.51,-,3.98,3.98,3.98,3.98,3.98,3.98,0.1,2.73,2.73,2.73,2.73,2.73,-,0,0,0,0,0,0,0,0,0,0,0,0,-,0,0,0,0,0,0,0,0,0,0,0,0,-,2024.0
SAMPIT,1.89,1.89,1.89,1.89,1.89,2.06,0.73,5.37,5.37,5.37,5.37,5.37,-,3.15,3.15,3.15,3.15,3.15,3.72,1.81,4.19,4.19,4.19,4.19,4.19,-,2.5,2.5,2.5,2.5,2.5,2.5,0.53,5.74,5.77,5.77,5.77,5.77,-,0,0,0,0,0,0,0,10.7,10.7,10.7,10.7,10.7,-,0,0,0,0,0,0,0,0,0,0,0,0,-,2024.0
KAB KAPUAS,0.0,0,0,0,0,0,0,0.18,0.18,0.18,0.18,0.18,-,0.0,0,0,0,0,0,0,0.43,0.43,0.43,0.43,0.43,-,0.0,0,0,0,0,0,0,0.17,0.17,0.17,0.17,0.17,-,0,0,0,0,0,0,0,0,0,0,0,0,-,-,-,-,-,-,-,-,-,-,-,-,-,-,2024.0
KAB SUKAMARA,0.0,0,0,0,0,0,0,0,0,0,0,0,-,0.0,0,0,0,0,0,0,0,0,0,0,0,-,0.0,0,0,0,0,0,0,0,0,0,0,0,-,0,0,0,0,0,0,0,0,0,0,0,0,-,-,-,-,-,-,-,-,-,-,-,-,-,-,2024.0
KOTA PALANGKARAYA,3.39,3.14,3.14,3.14,3.14,3.04,3.49,3.17,1.32,1.32,1.32,1.32,-,5.98,5.98,5.98,5.98,5.98,5.65,4.54,2.4,-0.6,-0.6,-0.6,-0.6,-,3.58,3.71,3.71,3.71,3.71,3.71,3.73,3.8,1.24,1.24,1.24,1.24,-,0.11,0.11,0.11,0.11,0.11,0.11,0.11,1.38,1.29,1.29,1.29,1.29,-,3.15,0,0,0,0,0,8.47,8.47,8.47,8.47,8.47,8.47,-,2024.0
KAB TANAH LAUT,0.0,0,0,0,0,0,0,0,0,0,0,0,-,0.0,0,0,0,0,0,0,0,0,0,0,0,-,0.0,0,0,0,0,0,0,0,0,0,0,0,-,0,0,0,0,0,0,0,0,0,0,0,0,-,-,-,-,-,-,-,-,-,-,-,-,-,-,2024.0
KOTABARU,0.0,0,0,0,0,0,0,0,0,0,0,0,-,0.0,0,0,0,0,0,0,0,0,0,0,0,-,0.0,0,0,0,0,0,0,0,0,0,0,0,-,0,0,0,0,0,0,0,0,0,0,0,0,-,0,0,0,0,0,0,0,0,0,0,0,0,-,2024.0
KAB HULU SUNGAI TENGAH,0.0,0,0.4,0.4,0.4,0.4,3.41,3.41,3.41,3.41,3.41,3.41,-,0.0,0,0,0,0,0,6.61,6.61,6.61,6.61,6.61,6.61,-,0.0,0,0,0,0,0,4.2,4.2,4.2,4.2,4.2,4.2,-,0,0,0,0,0,0,0,0,0,0,0,0,-,0,0,1.45,1.45,1.45,1.45,3.66,3.66,3.66,3.66,3.66,3.66,-,2024.0
TANJUNG,0.0,0,0,0,0,0,5.96,5.96,5.96,5.96,5.96,5.96,-,0.0,0,0,0,0,0,15.01,15.01,15.01,15.01,15.01,15.01,-,0.0,0,0,0,0,0,0.14,0.14,0.14,0.14,0.14,0.14,-,0,0,0,0,0,0,0,0,0,0,0,0,-,0,0,0,0,0,0,0,0,0,0,0,0,-,2024.0
KOTA BANJARMASIN,2.86,2.86,2.86,2.86,2.86,2.86,2.33,2.33,1.42,1.41,1.41,1.41,-,2.48,2.48,2.48,2.48,2.48,2.48,3.64,3.64,3.64,3.64,3.64,3.64,-,4.53,4.53,4.53,4.53,4.53,4.53,0.98,0.98,0.98,0.98,0.98,0.98,-,3.09,3.09,3.09,3.09,3.09,3.09,3.09,3.09,0.92,0.92,0.92,0.92,-,0.18,0.18,0.18,0.18,0.18,0.18,0.18,0.18,0.18,0,0,0,-,2024.0
KAB BERAU,0.43,0.43,0.43,0.43,0.43,0.22,0.45,1.57,1.68,1.68,1.68,1.68,-,1.27,1.27,1.27,1.27,1.27,0.63,1.34,3.99,4.33,4.33,4.33,4.33,-,0.0,0,0,0,0,0,0,1.77,1.77,1.77,1.77,1.77,-,0,0,0,0,0,0,0,0,0,0,0,0,-,-,-,-,-,-,-,-,-,-,-,-,-,-,2024.0
KAB PENAJAM PASER UTARA,0.0,0,0,0,0,0,0.06,1.21,1.21,1.21,1.21,1.21,-,0.0,0,0,0,0,0,0.33,2.05,2.05,2.05,2.05,2.05,-,0.0,0,0,0,0,0,0,4.05,4.05,4.05,4.05,4.05,-,0,0,0,0,0,0,0,0,0,0,0,0,-,-,-,-,-,-,-,-,-,-,-,-,-,-,2024.0
KOTA BALIKPAPAN,2.13,0.93,0.93,0.93,0.93,0.42,0.9,1.59,1.59,1.59,1.59,1.59,-,1.68,1.68,1.68,1.68,1.68,0.03,1.72,3.06,3.06,3.06,3.06,3.06,-,0.17,0.17,0.17,0.17,0.17,0.17,0.17,2,2,2,2,2,-,0,0,0,0,0,0,0,0,0,0,0,0,-,9.65,2.36,2.36,2.36,2.36,2.16,2.16,1.62,1.62,1.62,1.62,1.62,-,2024.0
KOTA SAMARINDA,0.94,1.49,1.49,1.45,1.39,1.39,1.6,1.87,1.87,1.87,1.87,1.87,-,3.03,3.03,3.03,3.03,3.03,3.03,3.84,4.02,4.02,4.02,4.02,4.02,-,0.3,0.42,0.42,0.42,0.42,0.42,0.42,0.86,0.86,0.86,0.86,0.86,-,0,1.24,1.24,1.24,1.24,1.24,1.24,1.24,1.24,1.24,1.24,1.24,-,0.77,0.77,0.77,0.55,0.16,0.16,0.16,1.05,1.05,1.05,1.05,1.05,-,2024.0
TANJUNG SELOR,0.0,0,0,0,0,0,0,0,0,0,0,0,-,0.0,0,0,0,0,0,0,0,0,0,0,0,-,0.0,0,0,0,0,0,0,0,0,0,0,0,-,0,0,0,0,0,0,0,0,0,0,0,0,-,-,-,-,-,-,-,-,-,-,-,-,-,-,2024.0
KAB NUNUKAN,0.0,0,0,0,0,0,0,0,0,0,0,0,-,0.0,0,0,0,0,0,0,0,0,0,0,0,-,0.0,0,0,0,0,0,0,0,0,0,0,0,-,0,0,0,0,0,0,0,0,0,0,0,0,-,0,0,0,0,0,0,0,0,0,0,0,0,-,2024.0
KOTA TARAKAN,0.38,0.38,0.38,0.38,0.38,0.38,0.48,0.48,0.48,0.48,0.48,0.48,-,1.18,1.18,1.18,1.18,1.18,1.18,1.52,1.52,1.52,1.52,1.52,1.52,-,0.35,0.35,0.35,0.35,0.35,0.35,0.38,0.38,0.38,0.38,0.38,0.38,-,0,0,0,0,0,0,0,0,0,0,0,0,-,0,0,0,0,0,0,0,0,0,0,0,0,-,2024.0
KAB MINAHASA SELATAN,0.16,0.16,0.16,0.16,0.16,0.16,0.16,0.16,0,0,0,0,-,1.7,1.7,1.7,1.7,1.7,1.7,1.7,1.7,0,0,0,0,-,0.0,0,0,0,0,0,0,0,0,0,0,0,-,0,0,0,0,0,0,0,0,0,0,0,0,-,-,-,-,-,-,-,-,-,-,-,-,-,-,2024.0
KAB MINAHASA UTARA,0.0,0.26,0.26,0.26,0.26,0.26,0.26,0.26,2.76,2.76,2.76,2.76,-,0.0,1.45,1.45,1.45,1.45,1.45,1.45,1.45,1.45,1.45,1.45,1.45,-,0.0,0,0,0,0,0,0,0,0,0,0,0,-,0,0,0,0,0,0,0,0,4.87,4.87,4.87,4.87,-,-,-,-,-,-,-,-,-,-,-,-,-,-,2024.0
KOTA MANADO,0.06,0.06,0.06,0.06,0.06,0.06,0.06,0,0,0,0,0,-,0.0,0,0,0,0,0,0,0,0,0,0,0,-,0.0,0,0,0,0,0,0,0,0,0,0,0,-,0,0,0,0,0,0,0,0,0,0,0,0,-,1.75,1.75,1.75,1.75,1.75,1.75,1.75,0,0,0,0,0,-,2024.0
KOTA KOTAMOBAGU,1.05,1.05,1.05,1.05,1.05,1.05,0.97,0.25,-16.54,-16.37,-16.37,-16.37,-,-2.3,-2.3,-2.3,-2.3,-2.3,-2.3,-2.71,2.25,2.25,3.54,3.54,3.54,-,3.84,3.84,3.84,3.84,3.84,3.84,3.84,2.04,2.04,2.04,2.04,2.04,-,1.03,1.03,1.03,1.03,1.03,1.03,1.03,-0.87,-27.64,-27.64,-27.64,-27.64,-,-,-,-,-,-,-,-,-,-,-,-,-,-,2024.0
LUWUK,0.17,0.17,0.17,0.17,0.17,0.17,2.69,2.69,2.91,2.91,2.91,2.73,-,1.37,1.37,1.37,1.37,1.37,1.37,1.37,1.37,3.16,3.16,3.16,1.77,-,0.0,0,0,0,0,0,0.7,0.7,0.7,0.7,0.7,0.7,-,0,0,0,0,0,0,3.3,3.3,3.3,3.3,3.3,3.3,-,-,-,-,-,-,-,-,-,-,-,-,-,-,2024.0
KAB MOROWALI,0.0,0,0,0,0,0,0,0.12,0.42,0.42,0.42,0.42,-,0.0,0,0,0,0,0,0,0.89,0.89,0.89,0.89,0.89,-,0.0,0,0,0,0,0,0,0,0,0,0,0,-,0,0,0,0,0,0,0,0,0.45,0.45,0.45,0.45,-,-,-,-,-,-,-,-,-,-,-,-,-,-,2024.0
KAB TOLI TOLI,0.0,0,0,0,0,0.19,0.19,0.19,0.19,0.19,0.19,0.19,-,0.0,0,0,0,0,0,0,0,0,0,0,0,-,0.0,0,0,0,0,0.93,0.93,0.93,0.93,0.93,0.93,0.93,-,0,0,0,0,0,0,0,0,0,0,0,0,-,-,-,-,-,-,-,-,-,-,-,-,-,-,2024.0
KOTA PALU,0.58,0.58,0.58,0.58,0.38,0.46,2.97,3.02,5.34,5.21,5.24,5.24,-,1.5,1.5,1.5,1.5,1.5,1.93,5.3,5.44,5.44,4.8,4.8,4.8,-,0.0,0,0,0,0,0,0.22,0.38,0.38,0.38,0.38,0.38,-,0,0,0,0,0,0,3.3,3.3,7.47,7.47,7.47,7.47,-,3.67,3.67,3.67,3.67,1.16,1.16,1.16,1.16,1.16,1.16,1.6,1.6,-,2024.0
BULUKUMBA,0.2,0.2,0.2,0.2,0.2,0.2,0.5,1.61,1.41,1.41,1.41,1.41,-,2.25,2.25,2.25,2.25,2.25,2.25,2.25,2.52,0.26,0.26,0.26,0.26,-,0.0,0,0,0,0,0,0,0,0,0,0,0,-,0,0,0,0,0,0,0,2.24,2.24,2.24,2.24,2.24,-,0,0,0,0,0,0,0.87,0.87,0.87,0.87,0.87,0.87,-,2024.0
WATAMPONE,0.0,0.09,0.09,0.09,0.32,0.32,0.32,0.38,0.52,0.52,0.52,0.52,-,0.0,0,0,0,1.3,1.3,1.3,1.65,2.46,2.46,2.46,2.46,-,0.0,0,0,0,0,0,0,0,0,0,0,0,-,0,0,0,0,0,0,0,0,0,0,0,0,-,0,0.68,0.68,0.68,0.68,0.68,0.68,0.68,0.68,0.68,0.68,0.68,-,2024.0
KAB WAJO,0.0,0,0,0,0,0,2.05,2.05,2.05,2.05,2.05,2.05,-,0.0,0,0,0,0,0,7.14,7.14,7.14,7.14,7.14,7.14,-,0.0,0,0,0,0,0,1.48,1.48,1.48,1.48,1.48,1.48,-,0,0,0,0,0,0,1.27,1.27,1.27,1.27,1.27,1.27,-,-,-,-,-,-,-,-,-,-,-,-,-,-,2024.0
KAB SIDENRENG RAPPANG,0.0,0,0,0,0,0,0,0,0.15,0.15,0.15,0.15,-,0.0,0,0,0,0,0,0,0,0,0,0,0,-,0.0,0,0,0,0,0,0,0,0,0,0,0,-,0,0,0,0,0,0,0,0,0.26,0.26,0.26,0.26,-,0,0,0,0,0,0,0,0,0,0,0,0,-,2024.0
KAB LUWU TIMUR,0.0,0,0,0,0,0,0,0.21,0.24,0.24,0.24,0.24,-,0.0,0,0,0,0,0,0,1.54,1.54,1.54,1.54,1.54,-,0.0,0,0,0,0,0,0,0,0.1,0.1,0.1,0.1,-,0,0,0,0,0,0,0,0,0,0,0,0,-,-,-,-,-,-,-,-,-,-,-,-,-,-,2024.0
KOTA MAKASSAR,2.08,2.22,2.22,2.22,2.22,2.22,1.41,1.36,1.13,1.01,1.01,1.01,-,2.55,2.55,2.55,2.55,2.55,2.55,0,0,2.23,2.23,2.23,2.23,-,1.31,1.31,1.31,1.31,1.31,1.31,0,0,0.14,0.14,0.14,0.14,-,2.09,2.09,2.09,2.09,2.09,2.09,2.09,2.09,0.69,0.69,0.69,0.69,-,2.55,4.45,4.45,4.45,4.45,4.45,4.45,3.83,3.83,2.19,2.19,2.19,-,2024.0
KOTA PARE PARE,0.51,0.51,0.51,0.51,0.51,0.51,0.38,0.45,1.63,1.63,0.16,0.16,-,1.0,1,1,1,1,1,1,0.74,0.74,0.74,0.74,0.74,-,-1.55,-1.55,-1.55,-1.55,-1.55,-1.55,-1.55,0.03,0.03,0.03,0.03,0.03,-,-2.04,-2.04,-2.04,-2.04,-2.04,-2.04,-2.04,-2.04,0,0,0,0,-,10.52,10.52,10.52,10.52,10.52,10.52,9.57,9.57,9.57,9.57,0,0,-,2024.0
KOTA PALOPO,0.0,0,0,0,0,0,0,0,1.05,1.05,1.05,1.05,-,0.0,0,0,0,0,0,0,0,0.31,0.31,0.31,0.31,-,0.0,0,0,0,0,0,0,0,0.36,0.36,0.36,0.36,-,0,0,0,0,0,0,0,0,2.13,2.13,2.13,2.13,-,0,0,0,0,0,0,0,0,0,0,0,0,-,2024.0
KAB KONAWE,0.0,0,0,0,0,0,0,0.3,0.3,0.3,0.3,0.3,-,0.0,0,0,0,0,0,0,2.18,2.18,2.18,2.18,2.18,-,0.0,0,0,0,0,0,0,0,0,0,0,0,-,0,0,0,0,0,0,0,0,0,0,0,0,-,-,-,-,-,-,-,-,-,-,-,-,-,-,2024.0
KAB KOLAKA,0.0,0,0,0.1,0.1,0.1,0.1,0.1,0.1,0.1,0.1,0.1,-,0.0,0,0,2.09,2.09,2.09,2.09,2.09,2.09,2.09,2.09,2.09,-,0.0,0,0,0,0,0,0,0,0,0,0,0,-,0,0,0,0,0,0,0,0,0,0,0,0,-,-,-,-,-,-,-,-,-,-,-,-,-,-,2024.0
KOTA KENDARI,4.95,5.13,5.13,5.13,5.13,5.16,5.07,1.52,1.52,1.52,1.52,1.52,-,5.14,5.14,5.14,5.14,5.14,5.3,4.9,0.21,0.21,0.21,0.21,0.21,-,10.12,10.12,10.12,10.12,10.12,10.12,10.87,1.73,1.73,1.73,1.73,1.73,-,4.06,4.06,4.06,4.06,4.06,4.06,3.03,0.95,0.95,0.95,0.95,0.95,-,0.92,4.11,4.11,4.11,4.11,4.11,13.43,12.4,12.4,12.4,12.4,12.4,-,2024.0
KOTA BAU BAU,1.41,1.41,1.41,1.41,1.41,1.41,1.41,0.42,0.41,0,0,0,-,34.01,34.01,34.01,34.01,34.01,34.01,34.01,7.92,7.92,0,0,0,-,0.11,0.11,0.11,0.11,0.11,0.11,0.11,0.11,0,0,0,0,-,0,0,0,0,0,0,0,0,0,0,0,0,-,-,-,-,-,-,-,-,-,-,-,-,-,-,2024.0
KAB GORONTALO,0.0,0,0,0,0,0,0.29,0.29,0.54,0.54,0.54,0.54,-,0.0,0,0,0,0,0,2.4,2.4,2.4,2.4,2.4,2.4,-,0.0,0,0,0,0,0,0,0,0.07,0.07,0.07,0.07,-,0,0,0,0,0,0,0,0,0.3,0.3,0.3,0.3,-,-,-,-,-,-,-,-,-,-,-,-,-,-,2024.0
KOTA GORONTALO,1.2,1.2,1.2,1.2,1.2,1.2,0.41,0.41,0.56,0.56,0.55,0.55,-,3.71,3.71,3.71,3.71,3.71,3.71,1.37,1.37,1.37,1.37,1.37,1.37,-,1.36,1.36,1.36,1.36,1.36,1.36,0.31,0.31,0.31,0.31,0.31,0.31,-,0.17,0.17,0.17,0.17,0.17,0.17,0,0,0.27,0.27,0.27,0.27,-,1.82,1.82,1.82,1.82,1.82,1.82,1.82,1.82,1.82,1.82,1.69,1.69,-,2024.0
KAB MAJENE,0.0,0,0,0,0,0,0,0.71,0.71,0.71,0.71,0.71,-,0.0,0,0,0,0,0,0,0,0,0,0,0,-,0.0,0,0,0,0,0,0,0,0,0,0,0,-,0,0,0,0,0,0,0,1.5,1.5,1.5,1.5,1.5,-,-,-,-,-,-,-,-,-,-,-,-,-,-,2024.0
MAMUJU,1.21,1.21,1.21,1.21,1.21,1.21,2.09,4.72,4.72,4.72,4.72,4.72,-,2.86,2.86,2.86,2.86,2.86,2.86,5.76,4.56,4.56,4.56,4.56,4.56,-,0.21,0.21,0.21,0.21,0.21,0.21,0.64,0.57,0.57,0.57,0.57,0.57,-,0.66,0.66,0.66,0.66,0.66,0.66,0.41,7.62,7.62,7.62,7.62,7.62,-,0,0,0,0,0,0,0,0,0,0,0,0,-,2024.0
KAB MALUKU TENGAH,0.0,0,0,0,0,0,0,0,0,0,0,0,-,0.0,0,0,0,0,0,0,0,0,0,0,0,-,0.0,0,0,0,0,0,0,0,0,0,0,0,-,0,0,0,0,0,0,0,0,0,0,0,0,-,-,-,-,-,-,-,-,-,-,-,-,-,-,2024.0
KOTA AMBON,2.35,2.35,2.35,2.45,2.43,2.49,2.45,2.45,1.14,1.15,1.15,1.27,-,8.13,8.13,8.13,8.13,8.13,8.13,7.83,7.83,3.24,3.3,3.3,3.3,-,3.98,3.98,3.98,3.98,3.98,3.98,3.98,3.98,1.3,1.3,1.3,1.3,-,0,0,0,0,0,0,0,0,0,0,0,0,-,2.33,2.33,2.33,3.79,3.52,4.29,4.29,4.29,4.29,4.29,4.29,6,-,2024.0
KOTA TUAL,0.0,0,0,0,0,0,0,0,0,0,0,0,-,0.0,0,0,0,0,0,0,0,0,0,0,0,-,0.0,0,0,0,0,0,0,0,0,0,0,0,-,0,0,0,0,0,0,0,0,0,0,0,0,-,-,-,-,-,-,-,-,-,-,-,-,-,-,2024.0
KAB HALMAHERA TENGAH,0.0,0,0,0,0,0,0,1.13,1.18,1.18,1.18,1.18,-,0.0,0,0,0,0,0,0,0,0.23,0.23,0.23,0.23,-,0.0,0,0,0,0,0,0,1.42,1.42,1.42,1.42,1.42,-,-,-,-,-,-,-,-,-,-,-,-,-,-,-,-,-,-,-,-,-,-,-,-,-,-,-,2024.0
KOTA TERNATE,3.05,3.05,3.05,3.05,3.05,3.05,1.87,1.75,1.75,1.75,1.75,1.82,-,0.55,0.55,0.55,0.55,0.55,0.55,0.55,4.28,4.28,4.28,4.28,4.83,-,10.94,10.94,10.94,10.94,10.94,10.94,6.21,0.72,0.72,0.72,0.72,0.72,-,0,0,0,0,0,0,0,1.1,1.1,1.1,1.1,1.1,-,0.65,0.65,0.65,0.65,0.65,0.65,0.65,0.65,0.65,0.65,0.65,0,-,2024.0
MANOKWARI,0.16,0.16,0.16,0.16,0.16,0.16,0.16,4.71,4.71,4.54,4.54,4.54,-,0.54,0.54,0.54,0.54,0.54,0.54,0.54,9,9,8.41,8.41,8.41,-,0.0,0,0,0,0,0,0,4.57,4.57,4.57,4.57,4.57,-,0,0,0,0,0,0,0,2.15,2.15,2.15,2.15,2.15,-,0,0,0,0,0,0,0,0,0,0,0,0,-,2024.0
KAB SORONG,0.0,0,0,0,0,0,0,0.69,0.69,0.69,0.69,0.69,-,0.0,0,0,0,0,0,0,1.27,1.27,1.27,1.27,1.27,-,0.0,0,0,0,0,0,0,1.72,1.72,1.72,1.72,1.72,-,0,0,0,0,0,0,0,0,0,0,0,0,-,-,-,-,-,-,-,-,-,-,-,-,-,-,2024.0
KAB SORONG SELATAN,0.0,0,0,0,0,0,0,-1.66,-1.66,-1.66,-1.66,-1.66,-,0.0,0,0,0,0,0,0,-7.56,-7.56,-7.56,-7.56,-7.56,-,0.0,0,0,0,0,0,0,1.16,1.16,1.16,1.16,1.16,-,0,0,0,0,0,0,0,0,0,0,0,0,-,-,-,-,-,-,-,-,-,-,-,-,-,-,2024.0
KOTA SORONG,-3.27,-3.27,-3.27,-3.27,-3.27,-3.27,-3.27,-0.61,-0.61,-0.61,-0.61,-0.61,-,-4.7,-4.7,-4.7,-4.7,-4.7,-4.7,-4.7,0.24,0.24,0.24,0.24,0.24,-,-4.27,-4.27,-4.27,-4.27,-4.27,-4.27,-4.27,-2.28,-2.28,-2.28,-2.28,-2.28,-,-1.41,-1.41,-1.41,-1.41,-1.41,-1.41,-1.41,0.43,0.43,0.43,0.43,0.43,-,0,0,0,0,0,0,0,0,0,0,0,0,-,2024.0
KOTA JAYAPURA,7.49,7.49,7.49,7.49,7.49,7.49,-2.12,0.1,0.1,0.1,0.1,0.1,-,0.26,0.26,0.26,0.26,0.26,0.26,3.79,3.79,3.79,3.79,3.79,3.79,-,17.06,17.06,17.06,17.06,17.06,17.06,-7.7,-4.67,-4.67,-4.67,-4.67,-4.67,-,3.19,3.19,3.19,3.19,3.19,3.19,0,3.94,3.94,3.94,3.94,3.94,-,0,0,0,0,0,0,0,0,0,0,0,0,-,2024.0
MERAUKE,2.77,2.77,2.77,2.77,2.77,2.03,-2.88,-3.73,-2.36,-2.36,-2.36,-2.36,-,8.23,8.23,8.23,8.23,8.23,5.87,-9.54,-11.82,-17.04,-17.04,-17.04,-17.04,-,0.0,0,0,0,0,0,-0.67,-0.67,0.62,0.62,0.62,0.62,-,0,0,0,0,0,0,0,0,11.11,11.11,11.11,11.11,-,0.76,0.76,0.76,0.76,0.76,0.76,7.38,7.38,7.38,7.38,7.38,7.38,-,2024.0
TIMIKA,0.0,0,0,0,0,0.89,1.02,1.09,1.09,1.09,1.09,1.09,-,0.0,0,0,0,0,2.29,2.73,2.67,2.67,2.67,2.67,2.67,-,0.0,0,0,0,0,0,-0.1,0.14,0.14,0.14,0.14,0.14,-,0,0,0,0,0,0,0,0,0,0,0,0,-,-,-,-,-,-,-,-,-,-,-,-,-,-,2024.0
KAB NABIRE,0.54,0.21,0.21,0.21,0.21,0.21,0.21,1.58,1.96,1.96,1.96,1.96,-,1.11,1.11,1.11,1.11,1.11,1.11,1.11,1.83,0.71,0.71,0.71,0.71,-,0.0,-0.89,-0.89,-0.89,-0.89,-0.89,-0.89,1.57,3.81,3.81,3.81,3.81,-,0,0,0,0,0,0,0,0.83,1.58,1.58,1.58,1.58,-,-,-,-,-,-,-,-,-,-,-,-,-,-,2024.0
KAB JAYAWIJAYA,0.0,0,0,0,0,0,1.82,1.82,1.82,1.82,1.82,1.82,-,0.0,0,0,0,0,0,2.47,2.47,2.47,2.47,2.47,2.47,-,0.0,0,0,0,0,0,2.15,2.15,2.15,2.15,2.15,2.15,-,0,0,0,0,0,0,0,0,0,0,0,0,-,-,-,-,-,-,-,-,-,-,-,-,-,-,2024.0
INDONESIA,1.57,1.55,1.7,1.72,1.71,1.69,1.9,1.83,1.94,1.9,1.89,1.94,-,1.77,1.76,1.76,1.76,1.75,1.66,2.1,2.68,2.74,2.72,2.72,2.72,-,1.83,1.83,1.83,1.83,1.83,1.83,1.99,1.51,1.53,1.53,1.53,1.68,-,1.08,1.1,1.1,1.1,1.1,1.1,1.22,1.03,1.33,1.36,1.36,1.36,-,2.09,1.95,3.27,3.46,3.38,3.36,3.62,3.62,3.47,3.12,3.09,3.07,-,2024.0
KAB ACEH TENGAH,0.07,0.07,0.28,0.1,0.52,0.79,-,-,-,-,-,-,-,0.18,0.18,0.77,0.26,1.35,2.05,-,-,-,-,-,-,-,0.0,0,0,0,0,0,-,-,-,-,-,-,-,0,0,0,0,0,0,-,-,-,-,-,-,-,-,-,-,-,-,-,-,-,-,-,-,-,-,2025.0
MEULABOH,0.03,0.03,0.03,0.03,0.03,0.03,-,-,-,-,-,-,-,0.08,0.08,0.08,0.08,0.08,0.08,-,-,-,-,-,-,-,0.0,0,0,0,0,0,-,-,-,-,-,-,-,0,0,0,0,0,0,-,-,-,-,-,-,-,0,0,0,0,0,0,-,-,-,-,-,-,-,2025.0
KAB ACEH TAMIANG,5.14,5.14,5.14,5.14,5.14,5.14,-,-,-,-,-,-,-,2.13,2.13,2.13,2.13,2.13,2.13,-,-,-,-,-,-,-,1.07,1.07,1.07,1.07,1.07,1.07,-,-,-,-,-,-,-,7.81,7.81,7.81,7.81,7.81,7.81,-,-,-,-,-,-,-,-,-,-,-,-,-,-,-,-,-,-,-,-,2025.0
KOTA BANDA ACEH,0.58,0.55,0.55,0.55,0.55,0.55,-,-,-,-,-,-,-,2.42,2.42,2.42,2.42,2.42,2.42,-,-,-,-,-,-,-,0.0,0,0,0,0,0,-,-,-,-,-,-,-,0,0,0,0,0,0,-,-,-,-,-,-,-,0.38,0,0,0,0,0,-,-,-,-,-,-,-,2025.0
KOTA LHOKSEUMAWE,3.52,3.52,3.52,3.52,3.52,3.52,-,-,-,-,-,-,-,7.28,7.28,7.28,7.28,7.28,7.28,-,-,-,-,-,-,-,5.96,5.96,5.96,5.96,5.96,5.96,-,-,-,-,-,-,-,0,0,0,0,0,0,-,-,-,-,-,-,-,0,0,0,0,0,0,-,-,-,-,-,-,-,2025.0
KAB LABUHANBATU,0.0,0,0,0,0,0,-,-,-,-,-,-,-,0.0,0,0,0,0,0,-,-,-,-,-,-,-,0.0,0,0,0,0,0,-,-,-,-,-,-,-,0,0,0,0,0,0,-,-,-,-,-,-,-,0,0,0,0,0,0,-,-,-,-,-,-,-,2025.0
KAB KARO,0.0,0,0,0,0,0,-,-,-,-,-,-,-,0.0,0,0,0,0,0,-,-,-,-,-,-,-,0.0,0,0,0,0,0,-,-,-,-,-,-,-,0,0,0,0,0,0,-,-,-,-,-,-,-,0,0,0,0,0,0,-,-,-,-,-,-,-,2025.0
KAB DELI SERDANG,0.87,0.87,0.87,0.87,0.87,0.87,-,-,-,-,-,-,-,2.63,2.63,2.63,2.63,2.63,2.63,-,-,-,-,-,-,-,0.0,0,0,0,0,0,-,-,-,-,-,-,-,0,0,0,0,0,0,-,-,-,-,-,-,-,0,0,0,0,0,0,-,-,-,-,-,-,-,2025.0
KOTA SIBOLGA,2.82,2.82,2.82,2.82,2.82,2.82,-,-,-,-,-,-,-,9.84,9.84,9.84,9.84,9.84,9.84,-,-,-,-,-,-,-,-4.46,-4.46,-4.46,-4.46,-4.46,-4.46,-,-,-,-,-,-,-,6.74,6.74,6.74,6.74,6.74,6.74,-,-,-,-,-,-,-,0,0,0,0,0,0,-,-,-,-,-,-,-,2025.0
KOTA PEMATANGSIANTAR,3.27,3.27,3.27,3.27,3.27,3.27,-,-,-,-,-,-,-,2.62,2.62,2.62,2.62,2.62,2.62,-,-,-,-,-,-,-,4.09,4.09,4.09,4.09,4.09,4.09,-,-,-,-,-,-,-,0,0,0,0,0,0,-,-,-,-,-,-,-,8.78,8.78,8.78,8.78,8.78,8.78,-,-,-,-,-,-,-,2025.0
KOTA MEDAN,0.87,0.88,0.88,0.88,0.88,0.88,-,-,-,-,-,-,-,1.82,1.82,1.82,1.82,1.82,1.82,-,-,-,-,-,-,-,1.09,1.13,1.13,1.13,1.13,1.13,-,-,-,-,-,-,-,0,0,0,0,0,0,-,-,-,-,-,-,-,0,0,0,0,0,0,-,-,-,-,-,-,-,2025.0
KOTA PADANGSIDIMPUAN,2.35,2.35,2.35,2.35,2.35,2.86,-,-,-,-,-,-,-,1.03,1.03,1.03,1.03,1.03,1.03,-,-,-,-,-,-,-,6.42,6.42,6.42,6.42,6.42,6.42,-,-,-,-,-,-,-,0,0,0,0,0,0,-,-,-,-,-,-,-,0,0,0,0,0,5.73,-,-,-,-,-,-,-,2025.0
KOTA GUNUNGSITOLI,9.51,10.27,10.27,10.27,10.27,12.06,-,-,-,-,-,-,-,4.07,8.06,8.06,8.06,8.06,17.51,-,-,-,-,-,-,-,11.94,11.94,11.94,11.94,11.94,11.94,-,-,-,-,-,-,-,12.52,12.52,12.52,12.52,12.52,12.52,-,-,-,-,-,-,-,0,0,0,0,0,0,-,-,-,-,-,-,-,2025.0
KAB DHARMASRAYA,1.08,1.08,1.08,1.08,1.08,1.08,-,-,-,-,-,-,-,4.27,4.27,4.27,4.27,4.27,4.27,-,-,-,-,-,-,-,0.4,0.4,0.4,0.4,0.4,0.4,-,-,-,-,-,-,-,0,0,0,0,0,0,-,-,-,-,-,-,-,0,0,0,0,0,0,-,-,-,-,-,-,-,2025.0
KAB PASAMAN BARAT,1.51,1.51,1.51,1.51,1.51,1.51,-,-,-,-,-,-,-,2.2,2.2,2.2,2.2,2.2,2.2,-,-,-,-,-,-,-,0.06,0.06,0.06,0.06,0.06,0.06,-,-,-,-,-,-,-,2.91,2.91,2.91,2.91,2.91,2.91,-,-,-,-,-,-,-,0,0,0,0,0,0,-,-,-,-,-,-,-,2025.0
KOTA PADANG,3.53,3.53,3.53,3.53,3.53,3.53,-,-,-,-,-,-,-,2.52,2.52,2.52,2.52,2.52,2.52,-,-,-,-,-,-,-,3.3,3.3,3.3,3.3,3.3,3.3,-,-,-,-,-,-,-,5.12,5.12,5.12,5.12,5.12,5.12,-,-,-,-,-,-,-,0.69,0.69,0.69,0.69,0.69,0.69,-,-,-,-,-,-,-,2025.0
KOTA BUKITTINGGI,1.49,1.49,1.49,1.49,1.49,1.54,-,-,-,-,-,-,-,1.56,1.56,1.56,1.56,1.56,1.56,-,-,-,-,-,-,-,1.74,1.74,1.74,1.74,1.74,2.05,-,-,-,-,-,-,-,0.63,0.63,0.63,0.63,0.63,0.63,-,-,-,-,-,-,-,2,2,2,2,2,2,-,-,-,-,-,-,-,2025.0
TEMBILAHAN,2.73,2.73,2.73,2.73,2.73,2.73,-,-,-,-,-,-,-,4.05,4.05,4.05,4.05,4.05,4.05,-,-,-,-,-,-,-,4.26,4.26,4.26,4.26,4.26,4.26,-,-,-,-,-,-,-,1.86,1.86,1.86,1.86,1.86,1.86,-,-,-,-,-,-,-,0,0,0,0,0,0,-,-,-,-,-,-,-,2025.0
KAB KAMPAR,1.19,1.19,1.19,1.19,1.19,1.19,-,-,-,-,-,-,-,3.61,3.61,3.61,3.61,3.61,3.61,-,-,-,-,-,-,-,0.06,0.06,0.06,0.06,0.06,0.06,-,-,-,-,-,-,-,0,0,0,0,0,0,-,-,-,-,-,-,-,6.26,6.26,6.26,6.26,6.26,6.26,-,-,-,-,-,-,-,2025.0
KOTA PEKANBARU,1.86,1.83,1.05,1.05,1.05,1.05,-,-,-,-,-,-,-,1.8,1.8,1.8,1.8,1.8,1.8,-,-,-,-,-,-,-,1.25,1.25,1.25,1.25,1.25,1.25,-,-,-,-,-,-,-,0,0,0,0,0,0,-,-,-,-,-,-,-,7.85,7.58,1.42,1.42,1.42,1.42,-,-,-,-,-,-,-,2025.0
KOTA DUMAI,1.35,1.35,1.35,1.35,1.35,1.35,-,-,-,-,-,-,-,4.36,4.36,4.36,4.36,4.36,4.36,-,-,-,-,-,-,-,0.14,0.14,0.14,0.14,0.14,0.14,-,-,-,-,-,-,-,0,0,0,0,0,0,-,-,-,-,-,-,-,0,0,0,0,0,0,-,-,-,-,-,-,-,2025.0
KAB KERINCI,0.06,0.06,0.06,0.06,0.06,0.06,-,-,-,-,-,-,-,0.29,0.29,0.29,0.29,0.29,0.29,-,-,-,-,-,-,-,0.0,0,0,0,0,0,-,-,-,-,-,-,-,0,0,0,0,0,0,-,-,-,-,-,-,-,-,-,-,-,-,-,-,-,-,-,-,-,-,2025.0
MUARA BUNGO,2.73,2.73,2.73,2.73,2.73,2.73,-,-,-,-,-,-,-,6.99,6.99,6.99,6.99,6.99,6.99,-,-,-,-,-,-,-,2.56,2.56,2.56,2.56,2.56,2.56,-,-,-,-,-,-,-,0.09,0.09,0.09,0.09,0.09,0.09,-,-,-,-,-,-,-,3.35,3.35,3.35,3.35,3.35,3.35,-,-,-,-,-,-,-,2025.0
KOTA JAMBI,0.74,0.74,0.74,0.74,0.74,0.74,-,-,-,-,-,-,-,2.16,2.16,2.16,2.16,2.16,2.16,-,-,-,-,-,-,-,0.1,0.1,0.1,0.1,0.1,0.1,-,-,-,-,-,-,-,0,0,0,0,0,0,-,-,-,-,-,-,-,0.69,0.69,0.69,0.69,0.69,0.69,-,-,-,-,-,-,-,2025.0
KAB OGAN KOMERING ILIR,1.77,1.77,1.77,1.77,1.77,1.77,-,-,-,-,-,-,-,2.07,2.07,2.07,2.07,2.07,2.07,-,-,-,-,-,-,-,5.04,5.04,5.04,5.04,5.04,5.04,-,-,-,-,-,-,-,0,0,0,0,0,0,-,-,-,-,-,-,-,0,0,0,0,0,0,-,-,-,-,-,-,-,2025.0
KAB MUARA ENIM,0.59,0.59,0.59,0.59,0.59,0.59,-,-,-,-,-,-,-,1.11,1.11,1.11,1.11,1.11,1.11,-,-,-,-,-,-,-,1.34,1.34,1.34,1.34,1.34,1.34,-,-,-,-,-,-,-,0,0,0,0,0,0,-,-,-,-,-,-,-,-,-,-,-,-,-,-,-,-,-,-,-,-,2025.0
KOTA PALEMBANG,2.0,1.99,1.99,1.99,1.99,1.99,-,-,-,-,-,-,-,4.01,4.01,4.01,4.01,4.01,4.01,-,-,-,-,-,-,-,0.08,0.08,0.08,0.08,0.08,0.08,-,-,-,-,-,-,-,0,0,0,0,0,0,-,-,-,-,-,-,-,8.17,8.13,8.13,8.13,8.13,8.13,-,-,-,-,-,-,-,2025.0
KOTA LUBUK LINGGAU,1.78,1.78,1.78,1.78,1.78,1.78,-,-,-,-,-,-,-,2.42,2.42,2.42,2.42,2.42,2.42,-,-,-,-,-,-,-,0.31,0.31,0.31,0.31,0.31,0.31,-,-,-,-,-,-,-,1.58,1.58,1.58,1.58,1.58,1.58,-,-,-,-,-,-,-,3.69,3.69,3.69,3.69,3.69,3.69,-,-,-,-,-,-,-,2025.0
KAB MUKO MUKO,2.57,2.57,2.57,2.57,2.57,-17.23,-,-,-,-,-,-,-,13.16,13.16,13.16,13.16,13.16,13.16,-,-,-,-,-,-,-,-1.54,-1.54,-1.54,-1.54,-1.54,-48.42,-,-,-,-,-,-,-,-,-,-,-,-,-,-,-,-,-,-,-,-,0,0,0,0,0,0,-,-,-,-,-,-,-,2025.0
KOTA BENGKULU,1.82,1.82,1.82,1.82,1.82,-7.89,-,-,-,-,-,-,-,1.87,1.87,1.87,1.87,1.87,1.87,-,-,-,-,-,-,-,0.64,0.64,0.64,0.64,0.64,-45.71,-,-,-,-,-,-,-,2.74,2.74,2.74,2.74,2.74,2.74,-,-,-,-,-,-,-,1.34,1.34,1.34,1.34,1.34,1.34,-,-,-,-,-,-,-,2025.0
KAB LAMPUNG TIMUR,0.0,0,0,0,0,0,-,-,-,-,-,-,-,0.0,0,0,0,0,0,-,-,-,-,-,-,-,0.0,0,0,0,0,0,-,-,-,-,-,-,-,0,0,0,0,0,0,-,-,-,-,-,-,-,0,0,0,0,0,0,-,-,-,-,-,-,-,2025.0
KAB MESUJI,8.95,8.95,8.95,8.95,8.95,8.95,-,-,-,-,-,-,-,-1.49,-1.49,-1.49,-1.49,-1.49,-1.49,-,-,-,-,-,-,-,21.29,21.29,21.29,21.29,21.29,21.29,-,-,-,-,-,-,-,0,0,0,0,0,0,-,-,-,-,-,-,-,-,-,-,-,-,-,-,-,-,-,-,-,-,2025.0
KOTA BANDAR LAMPUNG,7.22,7.22,7.22,7.22,7.22,7.14,-,-,-,-,-,-,-,1.07,1.07,1.07,1.07,1.07,1.07,-,-,-,-,-,-,-,3.45,3.45,3.45,3.45,3.45,3.45,-,-,-,-,-,-,-,16.4,16.4,16.4,16.4,16.4,16.4,-,-,-,-,-,-,-,1.13,1.13,1.13,1.13,1.13,0.44,-,-,-,-,-,-,-,2025.0
KOTA METRO,2.62,2.62,2.62,2.62,2.62,2.62,-,-,-,-,-,-,-,5.59,5.59,5.59,5.59,5.59,5.59,-,-,-,-,-,-,-,2.52,2.52,2.52,2.52,2.52,2.52,-,-,-,-,-,-,-,0.12,0.12,0.12,0.12,0.12,0.12,-,-,-,-,-,-,-,4.97,4.97,4.97,4.97,4.97,4.97,-,-,-,-,-,-,-,2025.0
TANJUNG PANDAN,1.6,1.46,1.46,1.46,1.46,-12.07,-,-,-,-,-,-,-,0.92,0.92,0.92,0.92,0.92,0.92,-,-,-,-,-,-,-,2.32,1.82,1.82,1.82,1.82,-46.48,-,-,-,-,-,-,-,3.16,3.16,3.16,3.16,3.16,3.16,-,-,-,-,-,-,-,0,0,0,0,0,0,-,-,-,-,-,-,-,2025.0
KAB BANGKA BARAT,1.05,1.05,1.05,1.05,1.05,-13.46,-,-,-,-,-,-,-,1.77,1.77,1.77,1.77,1.77,1.77,-,-,-,-,-,-,-,0.24,0.24,0.24,0.24,0.24,-51.03,-,-,-,-,-,-,-,0,0,0,0,0,0,-,-,-,-,-,-,-,3.25,3.25,3.25,3.25,3.25,3.25,-,-,-,-,-,-,-,2025.0
KAB BELITUNG TIMUR,15.31,15.31,15.31,15.31,15.31,-4.2,-,-,-,-,-,-,-,0.88,0.88,0.88,0.88,0.88,0.88,-,-,-,-,-,-,-,0.0,0,0,0,0,-60.17,-,-,-,-,-,-,-,42.86,42.86,42.86,42.86,42.86,42.86,-,-,-,-,-,-,-,0,0,0,0,0,0,-,-,-,-,-,-,-,2025.0
KOTA PANGKAL PINANG,1.78,1.78,1.78,1.78,1.78,-9.12,-,-,-,-,-,-,-,1.79,1.79,1.79,1.79,1.79,1.79,-,-,-,-,-,-,-,1.58,1.58,1.58,1.58,1.58,-43.9,-,-,-,-,-,-,-,0.09,0.09,0.09,0.09,0.09,0.09,-,-,-,-,-,-,-,2.73,2.73,2.73,2.73,2.73,2.73,-,-,-,-,-,-,-,2025.0
KAB KARIMUN,-7.1,-7.1,-7.1,-7.1,-7.1,-7.1,-,-,-,-,-,-,-,5.03,5.03,5.03,5.03,5.03,5.03,-,-,-,-,-,-,-,-26.81,-26.81,-26.81,-26.81,-26.81,-26.81,-,-,-,-,-,-,-,0,0,0,0,0,0,-,-,-,-,-,-,-,1.66,1.66,1.66,1.66,1.66,1.66,-,-,-,-,-,-,-,2025.0
KOTA BATAM,-1.45,-1.45,-1.45,-1.45,-1.45,-1.45,-,-,-,-,-,-,-,0.71,0.71,0.71,0.71,0.71,0.71,-,-,-,-,-,-,-,-9.84,-9.84,-9.84,-9.84,-9.84,-9.84,-,-,-,-,-,-,-,2.64,2.64,2.64,2.64,2.64,2.64,-,-,-,-,-,-,-,0.89,0.89,0.89,0.89,0.89,0.89,-,-,-,-,-,-,-,2025.0
KOTA TANJUNG PINANG,-2.5,-2.5,-2.5,-2.5,-2.5,-2.14,-,-,-,-,-,-,-,3.75,3.75,3.75,3.75,3.75,3.75,-,-,-,-,-,-,-,-21.8,-21.8,-21.8,-21.8,-21.8,-21.8,-,-,-,-,-,-,-,2.51,2.51,2.51,2.51,2.51,2.51,-,-,-,-,-,-,-,4.49,4.49,4.49,4.49,4.49,5.99,-,-,-,-,-,-,-,2025.0
KOTA JAKARTA,2.55,2.55,2.03,1.96,1.96,2.11,-,-,-,-,-,-,-,3.77,3.77,3.77,3.77,3.77,3.77,-,-,-,-,-,-,-,2.82,2.82,2.82,2.82,2.82,2.82,-,-,-,-,-,-,-,0.43,0.43,0.43,0.43,0.43,0.43,-,-,-,-,-,-,-,8.03,8.03,2.04,1.21,1.21,2.85,-,-,-,-,-,-,-,2025.0
KAB BANDUNG,2.85,2.85,2.85,2.85,2.85,2.85,-,-,-,-,-,-,-,1.98,1.98,1.98,1.98,1.98,1.98,-,-,-,-,-,-,-,3.57,3.57,3.57,3.57,3.57,3.57,-,-,-,-,-,-,-,1.99,1.99,1.99,1.99,1.99,1.99,-,-,-,-,-,-,-,5.14,5.14,5.14,5.14,5.14,5.14,-,-,-,-,-,-,-,2025.0
KAB MAJALENGKA,1.34,1.34,1.34,1.34,1.34,1.34,-,-,-,-,-,-,-,4.78,4.78,4.78,4.78,4.78,4.78,-,-,-,-,-,-,-,0.88,0.88,0.88,0.88,0.88,0.88,-,-,-,-,-,-,-,0.25,0.25,0.25,0.25,0.25,0.25,-,-,-,-,-,-,-,-,-,-,-,-,-,-,-,-,-,-,-,-,2025.0
KAB SUBANG,0.06,0.06,0.06,0.06,0.06,0.06,-,-,-,-,-,-,-,0.0,0,0,0,0,0,-,-,-,-,-,-,-,0.0,0,0,0,0,0,-,-,-,-,-,-,-,0.14,0.14,0.14,0.14,0.14,0.14,-,-,-,-,-,-,-,0,0,0,0,0,0,-,-,-,-,-,-,-,2025.0
KOTA BOGOR,4.61,4.61,4.61,4.65,4.65,4.65,-,-,-,-,-,-,-,1.52,1.52,1.52,1.52,1.52,1.52,-,-,-,-,-,-,-,6.21,6.21,6.21,6.21,6.21,6.21,-,-,-,-,-,-,-,4.33,4.33,4.33,4.33,4.33,4.33,-,-,-,-,-,-,-,7.06,7.06,7.06,7.47,7.47,7.47,-,-,-,-,-,-,-,2025.0
KOTA SUKABUMI,4.46,4.46,4.46,4.46,4.46,4.46,-,-,-,-,-,-,-,1.65,1.65,1.65,1.65,1.65,1.65,-,-,-,-,-,-,-,0.59,0.59,0.59,0.59,0.59,0.59,-,-,-,-,-,-,-,9.11,9.11,9.11,9.11,9.11,9.11,-,-,-,-,-,-,-,0,0,0,0,0,0,-,-,-,-,-,-,-,2025.0
KOTA BANDUNG,0.93,0.93,0.92,0.92,0.92,0.92,-,-,-,-,-,-,-,1.58,1.58,1.58,1.58,1.58,1.58,-,-,-,-,-,-,-,1.56,1.56,1.56,1.56,1.56,1.56,-,-,-,-,-,-,-,0.64,0.64,0.64,0.64,0.64,0.64,-,-,-,-,-,-,-,0.29,0.29,0.15,0.15,0.1,0.1,-,-,-,-,-,-,-,2025.0
KOTA CIREBON,1.8,1.8,2.27,2.27,2.27,2.27,-,-,-,-,-,-,-,1.17,1.17,3.03,3.03,3.03,3.03,-,-,-,-,-,-,-,0.23,0.23,0.23,0.23,0.23,0.23,-,-,-,-,-,-,-,2.91,2.91,2.91,2.91,2.91,2.91,-,-,-,-,-,-,-,3.43,3.43,3.43,3.43,3.43,3.43,-,-,-,-,-,-,-,2025.0
KOTA BEKASI,3.09,3.09,3.09,3.09,3.09,3.09,-,-,-,-,-,-,-,2.39,2.39,2.39,2.39,2.39,2.39,-,-,-,-,-,-,-,4.36,4.36,4.36,4.36,4.36,4.36,-,-,-,-,-,-,-,3.02,3.02,3.02,3.02,3.02,3.02,-,-,-,-,-,-,-,1.3,1.3,1.3,1.3,1.3,1.3,-,-,-,-,-,-,-,2025.0
KOTA DEPOK,2.49,2.49,2.49,2.49,2.49,2.49,-,-,-,-,-,-,-,2.62,2.62,2.62,2.62,2.62,2.62,-,-,-,-,-,-,-,0.38,0.38,0.38,0.38,0.38,0.38,-,-,-,-,-,-,-,0.88,0.88,0.88,0.88,0.88,0.88,-,-,-,-,-,-,-,14.54,14.54,14.54,14.54,14.54,14.54,-,-,-,-,-,-,-,2025.0
KOTA TASIKMALAYA,3.59,3.59,3.59,3.59,3.59,3.59,-,-,-,-,-,-,-,3.24,3.24,3.24,3.24,3.24,3.24,-,-,-,-,-,-,-,0.57,0.57,0.57,0.57,0.57,0.57,-,-,-,-,-,-,-,0.51,0.51,0.51,0.51,0.51,0.51,-,-,-,-,-,-,-,15.65,15.65,15.65,15.65,15.65,15.65,-,-,-,-,-,-,-,2025.0
CILACAP,1.78,1.78,1.78,1.78,1.78,1.78,-,-,-,-,-,-,-,4.05,4.05,4.05,4.05,4.05,4.05,-,-,-,-,-,-,-,1.22,1.22,1.22,1.22,1.22,1.22,-,-,-,-,-,-,-,0.05,0.05,0.05,0.05,0.05,0.05,-,-,-,-,-,-,-,4.52,4.52,4.52,4.52,4.52,4.52,-,-,-,-,-,-,-,2025.0
PURWOKERTO,1.45,1.44,1.44,1.44,1.44,1.44,-,-,-,-,-,-,-,0.79,0.79,0.79,0.79,0.79,0.79,-,-,-,-,-,-,-,0.65,0.65,0.65,0.65,0.65,0.65,-,-,-,-,-,-,-,1.98,1.98,1.98,1.98,1.98,1.98,-,-,-,-,-,-,-,3.21,3.16,3.16,3.16,3.16,3.16,-,-,-,-,-,-,-,2025.0
KAB WONOSOBO,1.38,1.39,1.39,1.39,1.37,1.37,-,-,-,-,-,-,-,1.15,1.15,1.15,1.15,1.15,1.15,-,-,-,-,-,-,-,3.25,3.25,3.25,3.25,3.25,3.25,-,-,-,-,-,-,-,0,0,0,0,0,0,-,-,-,-,-,-,-,0.51,0.57,0.57,0.57,0.49,0.49,-,-,-,-,-,-,-,2025.0
KAB WONOGIRI,2.34,2.34,2.34,2.34,2.34,2.34,-,-,-,-,-,-,-,2.17,2.17,2.17,2.17,2.17,2.17,-,-,-,-,-,-,-,1.04,1.04,1.04,1.04,1.04,1.04,-,-,-,-,-,-,-,3.52,3.52,3.52,3.52,3.52,3.52,-,-,-,-,-,-,-,4.53,4.53,4.53,4.53,4.53,4.53,-,-,-,-,-,-,-,2025.0
KAB REMBANG,2.69,2.65,2.65,2.65,2.65,2.65,-,-,-,-,-,-,-,5.02,5.02,5.02,5.02,5.02,5.02,-,-,-,-,-,-,-,0.03,0.03,0.03,0.03,0.03,0.03,-,-,-,-,-,-,-,3.91,3.91,3.91,3.91,3.91,3.91,-,-,-,-,-,-,-,0.97,0.32,0.32,0.32,0.32,0.32,-,-,-,-,-,-,-,2025.0
KUDUS,2.93,2.93,2.93,2.93,2.93,2.93,-,-,-,-,-,-,-,7.34,7.34,7.34,7.34,7.34,7.34,-,-,-,-,-,-,-,0.31,0.31,0.31,0.31,0.31,0.31,-,-,-,-,-,-,-,1.31,1.31,1.31,1.31,1.31,1.31,-,-,-,-,-,-,-,4.43,4.43,4.43,4.43,4.43,4.43,-,-,-,-,-,-,-,2025.0
KOTA SURAKARTA,3.46,3.46,3.46,3.46,3.58,3.58,-,-,-,-,-,-,-,3.72,3.72,3.72,3.72,3.72,3.72,-,-,-,-,-,-,-,1.94,1.94,1.94,1.94,1.94,1.94,-,-,-,-,-,-,-,4.79,4.79,4.79,4.79,4.79,4.79,-,-,-,-,-,-,-,2.31,2.31,2.31,2.31,3.69,3.69,-,-,-,-,-,-,-,2025.0
KOTA SEMARANG,0.83,0.83,0.83,0.83,0.83,0.83,-,-,-,-,-,-,-,0.57,0.57,0.57,0.57,0.57,0.57,-,-,-,-,-,-,-,0.74,0.74,0.74,0.74,0.74,0.74,-,-,-,-,-,-,-,1.4,1.4,1.4,1.4,1.4,1.4,-,-,-,-,-,-,-,0,0,0,0,0,0,-,-,-,-,-,-,-,2025.0
KOTA TEGAL,5.46,5.52,4.3,4.51,4.71,4.78,-,-,-,-,-,-,-,3.57,3.57,3.57,3.57,3.57,3.57,-,-,-,-,-,-,-,4.25,4.25,4.25,4.25,4.25,4.25,-,-,-,-,-,-,-,10.04,10.04,6.03,6.03,6.03,6.03,-,-,-,-,-,-,-,0.95,1.51,1.51,3.09,4.69,5.15,-,-,-,-,-,-,-,2025.0
KAB GUNUNGKIDUL,1.38,1.38,1.38,1.38,1.38,1.38,-,-,-,-,-,-,-,1.42,1.42,1.42,1.42,1.42,1.42,-,-,-,-,-,-,-,2.32,2.32,2.32,2.32,2.32,2.32,-,-,-,-,-,-,-,0,0,0,0,0,0,-,-,-,-,-,-,-,3.88,3.88,3.88,3.88,3.88,3.88,-,-,-,-,-,-,-,2025.0
KOTA YOGYAKARTA,1.26,1.33,1.33,1.33,1.35,1.35,-,-,-,-,-,-,-,3.33,3.63,3.63,3.63,3.63,3.63,-,-,-,-,-,-,-,1.36,1.36,1.36,1.36,1.36,1.36,-,-,-,-,-,-,-,0.18,0.18,0.18,0.18,0.18,0.18,-,-,-,-,-,-,-,0.61,0.61,0.61,0.61,0.9,0.9,-,-,-,-,-,-,-,2025.0
KAB TULUNGAGUNG,0.87,0.87,0.87,0.87,0.87,0.87,-,-,-,-,-,-,-,2.16,2.16,2.16,2.16,2.16,2.16,-,-,-,-,-,-,-,0.65,0.65,0.65,0.65,0.65,0.65,-,-,-,-,-,-,-,0.39,0.39,0.39,0.39,0.39,0.39,-,-,-,-,-,-,-,0.58,0.58,0.58,0.58,0.58,0.58,-,-,-,-,-,-,-,2025.0
JEMBER,0.85,0.85,0.85,0.49,0.49,0.49,-,-,-,-,-,-,-,0.29,0.29,0.29,0.29,0.29,0.29,-,-,-,-,-,-,-,1.87,1.87,1.87,1.87,1.87,1.87,-,-,-,-,-,-,-,0,0,0,0,0,0,-,-,-,-,-,-,-,5.48,5.48,5.48,0.56,0.56,0.56,-,-,-,-,-,-,-,2025.0
BANYUWANGI,2.91,2.91,2.91,2.91,2.91,2.91,-,-,-,-,-,-,-,1.8,1.8,1.8,1.8,1.8,1.8,-,-,-,-,-,-,-,2.38,2.38,2.38,2.38,2.38,2.38,-,-,-,-,-,-,-,5.22,5.22,5.22,5.22,5.22,5.22,-,-,-,-,-,-,-,0,0,0,0,0,0,-,-,-,-,-,-,-,2025.0
KAB BOJONEGORO,2.37,1.74,1.74,1.74,1.58,1.58,-,-,-,-,-,-,-,5.34,5.34,5.34,5.34,5.34,5.34,-,-,-,-,-,-,-,1.14,1.14,1.14,1.14,1.14,1.14,-,-,-,-,-,-,-,0,0,0,0,0,0,-,-,-,-,-,-,-,8.28,3.9,3.9,3.9,2.84,2.84,-,-,-,-,-,-,-,2025.0
KAB GRESIK,2.65,2.55,2.55,2.48,2.48,2.48,-,-,-,-,-,-,-,4.69,4.69,4.69,4.69,4.69,4.69,-,-,-,-,-,-,-,0.89,0.89,0.89,0.89,0.89,0.89,-,-,-,-,-,-,-,2.37,2.37,2.37,2.37,2.37,2.37,-,-,-,-,-,-,-,3.03,2.35,2.35,1.91,1.91,1.91,-,-,-,-,-,-,-,2025.0
SUMENEP,1.7,1.7,1.7,1.7,1.7,1.7,-,-,-,-,-,-,-,5.38,5.38,5.38,5.38,5.38,5.38,-,-,-,-,-,-,-,1.59,1.59,1.59,1.59,1.59,1.59,-,-,-,-,-,-,-,0,0,0,0,0,0,-,-,-,-,-,-,-,0.27,0.27,0.27,0.27,0.27,0.27,-,-,-,-,-,-,-,2025.0
KOTA KEDIRI,1.98,1.98,1.98,1.98,1.91,1.91,-,-,-,-,-,-,-,1.19,1.19,1.19,1.19,1.19,1.19,-,-,-,-,-,-,-,0.93,0.93,0.93,0.93,0.93,0.93,-,-,-,-,-,-,-,3.7,3.7,3.7,3.7,3.7,3.7,-,-,-,-,-,-,-,0.46,0.46,0.46,0.46,0,0,-,-,-,-,-,-,-,2025.0
KOTA MALANG,1.21,1.21,1.21,1.21,1.21,1.21,-,-,-,-,-,-,-,1.98,1.98,1.98,1.98,1.98,1.98,-,-,-,-,-,-,-,0.55,0.55,0.55,0.55,0.55,0.55,-,-,-,-,-,-,-,1.33,1.33,1.33,1.33,1.33,1.33,-,-,-,-,-,-,-,0.04,0.04,0.04,0.04,0.04,0.04,-,-,-,-,-,-,-,2025.0
KOTA PROBOLINGGO,2.71,2.71,2.71,2.71,2.71,2.71,-,-,-,-,-,-,-,3.77,3.77,3.77,3.77,3.77,3.77,-,-,-,-,-,-,-,0.21,0.21,0.21,0.21,0.21,0.21,-,-,-,-,-,-,-,4.52,4.52,4.52,4.52,4.52,4.52,-,-,-,-,-,-,-,0.09,0.09,0.09,0.09,0.09,0.09,-,-,-,-,-,-,-,2025.0
KOTA MADIUN,0.83,0.83,0.83,0.8,0.8,0.71,-,-,-,-,-,-,-,0.91,0.91,0.91,0.91,0.91,0.62,-,-,-,-,-,-,-,0.46,0.46,0.46,0.46,0.46,0.46,-,-,-,-,-,-,-,0,0,0,0,0,0,-,-,-,-,-,-,-,2.2,2.2,2.2,2.05,2.05,2.05,-,-,-,-,-,-,-,2025.0
KOTA SURABAYA,1.3,1.3,1.3,1.3,1.3,1.32,-,-,-,-,-,-,-,3.12,3.12,3.12,3.12,3.12,3.12,-,-,-,-,-,-,-,1.77,1.77,1.77,1.77,1.77,1.77,-,-,-,-,-,-,-,0.08,0.08,0.08,0.08,0.08,0.08,-,-,-,-,-,-,-,0.42,0.42,0.42,0.42,0.42,0.6,-,-,-,-,-,-,-,2025.0
KAB PANDEGLANG,1.34,1.34,1.34,1.34,1.34,1.34,-,-,-,-,-,-,-,4.24,4.24,4.24,4.24,4.24,4.24,-,-,-,-,-,-,-,0.25,0.25,0.25,0.25,0.25,0.25,-,-,-,-,-,-,-,0,0,0,0,0,0,-,-,-,-,-,-,-,-,-,-,-,-,-,-,-,-,-,-,-,-,2025.0
KAB LEBAK,2.88,2.88,2.88,2.88,2.88,2.88,-,-,-,-,-,-,-,6.5,6.5,6.5,6.5,6.5,6.5,-,-,-,-,-,-,-,1.38,1.38,1.38,1.38,1.38,1.38,-,-,-,-,-,-,-,3.08,3.08,3.08,3.08,3.08,3.08,-,-,-,-,-,-,-,0.26,0.26,0.26,0.26,0.26,0.26,-,-,-,-,-,-,-,2025.0
KOTA TANGERANG,1.61,1.61,1.01,1.01,1.01,1.01,-,-,-,-,-,-,-,0.64,0.64,0.64,0.64,0.64,0.64,-,-,-,-,-,-,-,2.85,2.85,2.85,2.85,2.85,2.85,-,-,-,-,-,-,-,0,0,0,0,0,0,-,-,-,-,-,-,-,4.96,4.96,0.57,0.57,0.57,0.57,-,-,-,-,-,-,-,2025.0
KOTA CILEGON,1.57,1.57,1.57,1.57,1.57,1.57,-,-,-,-,-,-,-,5.41,5.41,5.41,5.41,5.41,5.41,-,-,-,-,-,-,-,0.87,0.87,0.87,0.87,0.87,0.87,-,-,-,-,-,-,-,0,0,0,0,0,0,-,-,-,-,-,-,-,1.08,1.08,1.08,1.08,1.08,1.08,-,-,-,-,-,-,-,2025.0
KOTA SERANG,1.12,1.41,1.38,1.38,1.38,1.33,-,-,-,-,-,-,-,0.48,0.48,0.37,0.37,0.37,0.37,-,-,-,-,-,-,-,0.0,0,0,0,0,0,-,-,-,-,-,-,-,0,0,0,0,0,0,-,-,-,-,-,-,-,7.83,10.15,10.15,10.15,10.15,9.73,-,-,-,-,-,-,-,2025.0
KAB TABANAN,2.72,2.72,2.72,2.72,2.72,2.72,-,-,-,-,-,-,-,8.41,8.41,8.41,8.41,8.41,8.41,-,-,-,-,-,-,-,1.85,1.85,1.85,1.85,1.85,1.85,-,-,-,-,-,-,-,0,0,0,0,0,0,-,-,-,-,-,-,-,8.3,8.3,8.3,8.3,8.3,8.3,-,-,-,-,-,-,-,2025.0
KAB BADUNG,2.01,2.01,2.01,2.01,2.01,2.01,-,-,-,-,-,-,-,6.1,6.1,6.1,6.1,6.1,6.1,-,-,-,-,-,-,-,1.66,1.66,1.66,1.66,1.66,1.66,-,-,-,-,-,-,-,0,0,0,0,0,0,-,-,-,-,-,-,-,0.27,0.27,0.27,0.27,0.27,0.27,-,-,-,-,-,-,-,2025.0
SINGARAJA,1.42,1.42,1.42,1.42,1.42,1.42,-,-,-,-,-,-,-,3.36,3.36,3.36,3.36,3.36,3.36,-,-,-,-,-,-,-,0.48,0.48,0.48,0.48,0.48,0.48,-,-,-,-,-,-,-,0.22,0.22,0.22,0.22,0.22,0.22,-,-,-,-,-,-,-,7.91,7.91,7.91,7.91,7.91,7.91,-,-,-,-,-,-,-,2025.0
KOTA DENPASAR,4.03,4.03,4,4,4,4,-,-,-,-,-,-,-,4.45,4.45,4.45,4.45,4.45,4.45,-,-,-,-,-,-,-,4.4,4.4,4.4,4.4,4.4,4.4,-,-,-,-,-,-,-,4.94,4.94,4.94,4.94,4.94,4.94,-,-,-,-,-,-,-,0.25,0.25,0.03,0.03,0.03,0.03,-,-,-,-,-,-,-,2025.0
KAB SUMBAWA,0.75,0.75,0.75,0.75,0.75,0.75,-,-,-,-,-,-,-,0.57,0.57,0.57,0.57,0.57,0.57,-,-,-,-,-,-,-,1.71,1.71,1.71,1.71,1.71,1.71,-,-,-,-,-,-,-,0,0,0,0,0,0,-,-,-,-,-,-,-,0,0,0,0,0,0,-,-,-,-,-,-,-,2025.0
KOTA MATARAM,1.57,1.57,1.57,1.57,2.51,2.11,-,-,-,-,-,-,-,1.12,1.12,1.12,1.12,1.12,1.12,-,-,-,-,-,-,-,0.05,0.05,0.05,0.05,0.05,0.05,-,-,-,-,-,-,-,0.62,0.62,0.62,0.62,0.62,0.62,-,-,-,-,-,-,-,10.35,10.35,10.35,10.35,19.89,15.3,-,-,-,-,-,-,-,2025.0
KOTA BIMA,21.97,21.97,21.97,21.97,21.97,22.05,-,-,-,-,-,-,-,0.05,0.05,0.05,0.05,0.05,0.05,-,-,-,-,-,-,-,0.37,0.37,0.37,0.37,0.37,0.37,-,-,-,-,-,-,-,44.11,44.11,44.11,44.11,44.11,44.11,-,-,-,-,-,-,-,0,0,0,0,0,0.81,-,-,-,-,-,-,-,2025.0
WAINGAPU,2.91,2.91,2.91,2.91,2.91,2.91,-,-,-,-,-,-,-,0.13,0.13,0.13,0.13,0.13,0.13,-,-,-,-,-,-,-,6.95,6.95,6.95,6.95,6.95,6.95,-,-,-,-,-,-,-,1.55,1.55,1.55,1.55,1.55,1.55,-,-,-,-,-,-,-,0,0,0,0,0,0,-,-,-,-,-,-,-,2025.0
KAB TIMOR TENGAH SELATAN,2.91,2.91,2.91,2.91,2.91,2.91,-,-,-,-,-,-,-,18.68,18.68,18.68,18.68,18.68,18.68,-,-,-,-,-,-,-,3.3,3.3,3.3,3.3,3.3,3.3,-,-,-,-,-,-,-,0,0,0,0,0,0,-,-,-,-,-,-,-,-,-,-,-,-,-,-,-,-,-,-,-,-,2025.0
MAUMERE,4.56,4.56,4.56,4.56,4.56,4.56,-,-,-,-,-,-,-,2.09,2.09,2.09,2.09,2.09,2.09,-,-,-,-,-,-,-,10.73,10.73,10.73,10.73,10.73,10.73,-,-,-,-,-,-,-,0,0,0,0,0,0,-,-,-,-,-,-,-,-,-,-,-,-,-,-,-,-,-,-,-,-,2025.0
KAB NGADA,3.09,3.09,3.09,3.09,3.09,3.09,-,-,-,-,-,-,-,3.91,3.91,3.91,3.91,3.91,3.91,-,-,-,-,-,-,-,5.6,5.6,5.6,5.6,5.6,5.6,-,-,-,-,-,-,-,0,0,0,0,0,0,-,-,-,-,-,-,-,-,-,-,-,-,-,-,-,-,-,-,-,-,2025.0
KOTA KUPANG,0.0,0,0,0,0,0,-,-,-,-,-,-,-,0.0,0,0,0,0,0,-,-,-,-,-,-,-,0.0,0,0,0,0,0,-,-,-,-,-,-,-,0,0,0,0,0,0,-,-,-,-,-,-,-,0,0,0,0,0,0,-,-,-,-,-,-,-,2025.0
KAB KETAPANG,0.37,0.37,0.37,0.37,0.37,0.37,-,-,-,-,-,-,-,0.57,0.57,0.57,0.57,0.57,0.57,-,-,-,-,-,-,-,0.46,0.46,0.46,0.46,0.46,0.46,-,-,-,-,-,-,-,0,0,0,0,0,0,-,-,-,-,-,-,-,0.97,0.97,0.97,0.97,0.97,0.97,-,-,-,-,-,-,-,2025.0
SINTANG,0.0,0,0,0.65,0.65,0.65,-,-,-,-,-,-,-,0.0,0,0,0,0,0,-,-,-,-,-,-,-,0.0,0,0,0,0,0,-,-,-,-,-,-,-,0,0,0,0,0,0,-,-,-,-,-,-,-,0,0,0,4.34,4.34,4.34,-,-,-,-,-,-,-,2025.0
KAB KAYONG UTARA,0.2,0.2,0.2,0.2,0.2,0.2,-,-,-,-,-,-,-,0.01,0.01,0.01,0.01,0.01,0.01,-,-,-,-,-,-,-,0.73,0.73,0.73,0.73,0.73,0.73,-,-,-,-,-,-,-,-,-,-,-,-,-,-,-,-,-,-,-,-,0,0,0,0,0,0,-,-,-,-,-,-,-,2025.0
KOTA PONTIANAK,3.81,3.13,3.13,3.13,3.13,3.3,-,-,-,-,-,-,-,4.26,4.26,4.26,4.26,4.26,4.26,-,-,-,-,-,-,-,2.47,2.47,2.47,2.47,2.47,2.47,-,-,-,-,-,-,-,4.45,4.45,4.45,4.45,4.45,4.45,-,-,-,-,-,-,-,4.26,0.27,0.27,0.27,0.27,1.31,-,-,-,-,-,-,-,2025.0
KOTA SINGKAWANG,1.22,1.22,1.22,1.22,1.68,1.68,-,-,-,-,-,-,-,1.51,1.51,1.51,1.51,1.51,1.51,-,-,-,-,-,-,-,2.63,2.63,2.63,2.63,2.63,2.63,-,-,-,-,-,-,-,0,0,0,0,0,0,-,-,-,-,-,-,-,0,0,0,0,2.74,2.74,-,-,-,-,-,-,-,2025.0
SAMPIT,5.37,5.37,5.37,5.37,5.37,5.2,-,-,-,-,-,-,-,4.19,4.19,4.19,4.19,4.19,3.61,-,-,-,-,-,-,-,5.77,5.77,5.77,5.77,5.77,5.77,-,-,-,-,-,-,-,10.7,10.7,10.7,10.7,10.7,10.7,-,-,-,-,-,-,-,0,0,0,0,0,0,-,-,-,-,-,-,-,2025.0
KAB KAPUAS,0.59,0.59,0.59,0.59,0.59,0.59,-,-,-,-,-,-,-,2.07,2.07,2.07,2.07,2.07,2.07,-,-,-,-,-,-,-,0.17,0.17,0.17,0.17,0.17,0.17,-,-,-,-,-,-,-,0,0,0,0,0,0,-,-,-,-,-,-,-,-,-,-,-,-,-,-,-,-,-,-,-,-,2025.0
KAB SUKAMARA,0.0,0,0,0,0,0,-,-,-,-,-,-,-,0.0,0,0,0,0,0,-,-,-,-,-,-,-,0.0,0,0,0,0,0,-,-,-,-,-,-,-,0,0,0,0,0,0,-,-,-,-,-,-,-,-,-,-,-,-,-,-,-,-,-,-,-,-,2025.0
KOTA PALANGKARAYA,1.32,1.28,1.28,1.28,1.28,1.28,-,-,-,-,-,-,-,-0.6,-0.6,-0.6,-0.6,-0.6,-0.6,-,-,-,-,-,-,-,1.24,1.12,1.12,1.12,1.12,1.12,-,-,-,-,-,-,-,1.29,1.29,1.29,1.29,1.29,1.29,-,-,-,-,-,-,-,8.47,8.47,8.47,8.47,8.47,8.47,-,-,-,-,-,-,-,2025.0
KAB TANAH LAUT,0.0,0,0,0,0,1.69,-,-,-,-,-,-,-,0.0,0,0,0,0,3.67,-,-,-,-,-,-,-,0.0,0,0,0,0,0,-,-,-,-,-,-,-,0,0,0,0,0,0,-,-,-,-,-,-,-,-,-,-,-,-,-,-,-,-,-,-,-,-,2025.0
KOTABARU,0.0,0,0,0,0,0,-,-,-,-,-,-,-,0.0,0,0,0,0,0,-,-,-,-,-,-,-,0.0,0,0,0,0,0,-,-,-,-,-,-,-,0,0,0,0,0,0,-,-,-,-,-,-,-,0,0,0,0,0,0,-,-,-,-,-,-,-,2025.0
KAB HULU SUNGAI TENGAH,3.41,3.41,3,3,3,3,-,-,-,-,-,-,-,6.61,6.61,6.61,6.61,6.61,6.61,-,-,-,-,-,-,-,4.2,4.2,4.2,4.2,4.2,4.2,-,-,-,-,-,-,-,0,0,0,0,0,0,-,-,-,-,-,-,-,3.66,3.66,2.18,2.18,2.18,2.18,-,-,-,-,-,-,-,2025.0
TANJUNG,6.03,6.03,6.03,6.03,6.03,6.03,-,-,-,-,-,-,-,15.01,15.01,15.01,15.01,15.01,15.01,-,-,-,-,-,-,-,0.14,0.14,0.14,0.14,0.14,0.14,-,-,-,-,-,-,-,0,0,0,0,0,0,-,-,-,-,-,-,-,0.35,0.35,0.35,0.35,0.35,0.35,-,-,-,-,-,-,-,2025.0
KOTA BANJARMASIN,1.5,1.5,1.5,1.5,1.5,1.5,-,-,-,-,-,-,-,3.64,3.64,3.64,3.64,3.64,3.64,-,-,-,-,-,-,-,0.98,0.98,0.98,0.98,0.98,0.98,-,-,-,-,-,-,-,0.92,0.92,0.92,0.92,0.92,0.92,-,-,-,-,-,-,-,0.66,0.66,0.66,0.66,0.66,0.66,-,-,-,-,-,-,-,2025.0
KAB BERAU,1.68,1.68,1.68,1.68,1.68,1.68,-,-,-,-,-,-,-,4.33,4.33,4.33,4.33,4.33,4.33,-,-,-,-,-,-,-,1.77,1.77,1.77,1.77,1.77,1.77,-,-,-,-,-,-,-,0,0,0,0,0,0,-,-,-,-,-,-,-,-,-,-,-,-,-,-,-,-,-,-,-,-,2025.0
KAB PENAJAM PASER UTARA,1.21,1.21,1.21,1.21,1.21,1.21,-,-,-,-,-,-,-,2.05,2.05,2.05,2.05,2.05,2.05,-,-,-,-,-,-,-,4.05,4.05,4.05,4.05,4.05,4.05,-,-,-,-,-,-,-,0,0,0,0,0,0,-,-,-,-,-,-,-,-,-,-,-,-,-,-,-,-,-,-,-,-,2025.0
KOTA BALIKPAPAN,1.45,1.45,1.45,1.45,1.45,3.7,-,-,-,-,-,-,-,3.06,3.06,3.06,3.06,3.06,3.07,-,-,-,-,-,-,-,2.0,2,2,2,2,2,-,-,-,-,-,-,-,0,0,0,0,0,0,-,-,-,-,-,-,-,0.86,0.86,0.86,0.86,0.86,13.36,-,-,-,-,-,-,-,2025.0
KOTA SAMARINDA,1.76,1.26,1.26,1.26,1.46,1.46,-,-,-,-,-,-,-,3.69,3.69,3.69,3.69,3.69,3.69,-,-,-,-,-,-,-,0.86,0.74,0.74,0.74,0.74,0.74,-,-,-,-,-,-,-,1.24,0,0,0,0,0,-,-,-,-,-,-,-,0.89,1.17,1.17,1.17,2.35,2.35,-,-,-,-,-,-,-,2025.0
TANJUNG SELOR,0.0,0,0.18,0.18,0.18,0.18,-,-,-,-,-,-,-,0.0,0,0.5,0.5,0.5,0.5,-,-,-,-,-,-,-,0.0,0,0,0,0,0,-,-,-,-,-,-,-,0,0,0,0,0,0,-,-,-,-,-,-,-,-,-,-,-,-,-,-,-,-,-,-,-,-,2025.0
KAB NUNUKAN,0.7,0.7,1.64,1.64,1.74,1.74,-,-,-,-,-,-,-,0.89,0.89,0.89,0.89,0.89,0.89,-,-,-,-,-,-,-,0.0,0,0,0,0,0,-,-,-,-,-,-,-,0,0,0,0,0,0,-,-,-,-,-,-,-,5.48,5.48,15.74,15.74,16.85,16.85,-,-,-,-,-,-,-,2025.0
KOTA TARAKAN,0.48,0.48,0.48,0.48,0.48,0.48,-,-,-,-,-,-,-,1.52,1.52,1.52,1.52,1.52,1.52,-,-,-,-,-,-,-,0.38,0.38,0.38,0.38,0.38,0.38,-,-,-,-,-,-,-,0,0,0,0,0,0,-,-,-,-,-,-,-,0,0,0,0,0,0,-,-,-,-,-,-,-,2025.0
KAB MINAHASA SELATAN,0.0,0,0.01,0.01,0.01,0.02,-,-,-,-,-,-,-,0.0,0,0.08,0.08,0.08,0.22,-,-,-,-,-,-,-,0.0,0,0,0,0,0,-,-,-,-,-,-,-,0,0,0,0,0,0,-,-,-,-,-,-,-,-,-,-,-,-,-,-,-,-,-,-,-,-,2025.0
KAB MINAHASA UTARA,14.11,13.81,13.81,13.81,13.81,13.81,-,-,-,-,-,-,-,1.45,0,0,0,0,0,-,-,-,-,-,-,-,0.0,0,0,0,0,0,-,-,-,-,-,-,-,26.97,26.97,26.97,26.97,26.97,26.97,-,-,-,-,-,-,-,-,-,-,-,-,-,-,-,-,-,-,-,-,2025.0
KOTA MANADO,0.56,0.56,0.56,0.56,0.56,0.56,-,-,-,-,-,-,-,0.0,0,0,0,0,0,-,-,-,-,-,-,-,0.0,0,0,0,0,0,-,-,-,-,-,-,-,0,0,0,0,0,0,-,-,-,-,-,-,-,17.39,17.39,17.39,17.39,17.39,17.39,-,-,-,-,-,-,-,2025.0
KOTA KOTAMOBAGU,-16.2,-16.2,-16.2,-16.2,-16.2,-16.2,-,-,-,-,-,-,-,1.1,1.1,1.1,1.1,1.1,1.1,-,-,-,-,-,-,-,2.04,2.04,2.04,2.04,2.04,2.04,-,-,-,-,-,-,-,-27,-27,-27,-27,-27,-27,-,-,-,-,-,-,-,-,-,-,-,-,-,-,-,-,-,-,-,-,2025.0
LUWUK,2.73,2.73,2.73,2.73,2.73,2.73,-,-,-,-,-,-,-,1.77,1.77,1.77,1.77,1.77,1.77,-,-,-,-,-,-,-,0.7,0.7,0.7,0.7,0.7,0.7,-,-,-,-,-,-,-,3.3,3.3,3.3,3.3,3.3,3.3,-,-,-,-,-,-,-,-,-,-,-,-,-,-,-,-,-,-,-,-,2025.0
KAB MOROWALI,0.42,0.42,0.42,0.42,0.42,0.42,-,-,-,-,-,-,-,0.89,0.89,0.89,0.89,0.89,0.89,-,-,-,-,-,-,-,0.0,0,0,0,0,0,-,-,-,-,-,-,-,0.45,0.45,0.45,0.45,0.45,0.45,-,-,-,-,-,-,-,-,-,-,-,-,-,-,-,-,-,-,-,-,2025.0
KAB TOLI TOLI,0.19,0.19,0.19,0.19,0.19,0,-,-,-,-,-,-,-,0.0,0,0,0,0,0,-,-,-,-,-,-,-,0.93,0.93,0.93,0.93,0.93,0,-,-,-,-,-,-,-,0,0,0,0,0,0,-,-,-,-,-,-,-,-,-,-,-,-,-,-,-,-,-,-,-,-,2025.0
KOTA PALU,5.04,5.13,5.13,5.17,5.23,5.18,-,-,-,-,-,-,-,3.88,4.33,4.33,4.33,4.33,3.88,-,-,-,-,-,-,-,0.38,0.38,0.38,0.38,0.38,0.38,-,-,-,-,-,-,-,7.47,7.47,7.47,7.47,7.47,7.47,-,-,-,-,-,-,-,1.31,1.31,1.35,1.83,2.51,2.96,-,-,-,-,-,-,-,2025.0
BULUKUMBA,2.2,2.58,2.58,2.58,2.58,2.58,-,-,-,-,-,-,-,5.15,9.57,9.57,9.57,9.57,9.57,-,-,-,-,-,-,-,0.0,0,0,0,0,0,-,-,-,-,-,-,-,2.96,2.96,2.96,2.96,2.96,2.96,-,-,-,-,-,-,-,0.87,0.87,0.87,0.87,0.87,0.87,-,-,-,-,-,-,-,2025.0
WATAMPONE,0.52,0.43,0.43,0.43,0.2,0.2,-,-,-,-,-,-,-,2.46,2.46,2.46,2.46,1.15,1.15,-,-,-,-,-,-,-,0.0,0,0,0,0,0,-,-,-,-,-,-,-,0,0,0,0,0,0,-,-,-,-,-,-,-,0.68,0,0,0,0,0,-,-,-,-,-,-,-,2025.0
KAB WAJO,2.05,2.05,2.05,2.05,2.05,2.05,-,-,-,-,-,-,-,7.14,7.14,7.14,7.14,7.14,7.14,-,-,-,-,-,-,-,1.48,1.48,1.48,1.48,1.48,1.48,-,-,-,-,-,-,-,1.27,1.27,1.27,1.27,1.27,1.27,-,-,-,-,-,-,-,-,-,-,-,-,-,-,-,-,-,-,-,-,2025.0
KAB SIDENRENG RAPPANG,0.15,0.15,0.15,0.15,0.15,0.15,-,-,-,-,-,-,-,0.0,0,0,0,0,0,-,-,-,-,-,-,-,0.0,0,0,0,0,0,-,-,-,-,-,-,-,0.26,0.26,0.26,0.26,0.26,0.26,-,-,-,-,-,-,-,0,0,0,0,0,0,-,-,-,-,-,-,-,2025.0
KAB LUWU TIMUR,0.24,0.28,0.28,0.28,0.28,0.28,-,-,-,-,-,-,-,1.54,1.66,1.66,1.66,1.66,1.66,-,-,-,-,-,-,-,0.1,0.19,0.19,0.19,0.19,0.19,-,-,-,-,-,-,-,0,0,0,0,0,0,-,-,-,-,-,-,-,-,-,-,-,-,-,-,-,-,-,-,-,-,2025.0
KOTA MAKASSAR,1.17,0.93,0.93,0.93,0.93,1.25,-,-,-,-,-,-,-,2.23,2.1,2.1,2.1,2.1,2.1,-,-,-,-,-,-,-,0.25,-0.17,-0.17,-0.17,-0.17,-0.17,-,-,-,-,-,-,-,0.69,0.69,0.69,0.69,0.69,0.73,-,-,-,-,-,-,-,3.92,2.08,2.08,2.08,2.08,6.15,-,-,-,-,-,-,-,2025.0
KOTA PARE PARE,2.67,2.67,2.73,2.73,2.73,2.73,-,-,-,-,-,-,-,0.74,0.74,0.74,0.74,0.74,0.74,-,-,-,-,-,-,-,0.03,0.03,0.03,0.03,0.03,0.04,-,-,-,-,-,-,-,0,0,0,0,0,0,-,-,-,-,-,-,-,15.16,15.16,15.56,15.56,15.56,15.56,-,-,-,-,-,-,-,2025.0
KOTA PALOPO,2.04,2.04,2.04,2.04,2.04,2.04,-,-,-,-,-,-,-,0.8,0.8,0.8,0.8,0.8,0.8,-,-,-,-,-,-,-,0.36,0.36,0.36,0.36,0.36,0.36,-,-,-,-,-,-,-,2.13,2.13,2.13,2.13,2.13,2.13,-,-,-,-,-,-,-,5.32,5.32,5.32,5.32,5.32,5.32,-,-,-,-,-,-,-,2025.0
KAB KONAWE,0.3,0.3,0.3,0.3,0.3,0.3,-,-,-,-,-,-,-,2.18,2.18,2.18,2.18,2.18,2.18,-,-,-,-,-,-,-,0.0,0,0,0,0,0,-,-,-,-,-,-,-,0,0,0,0,0,0,-,-,-,-,-,-,-,-,-,-,-,-,-,-,-,-,-,-,-,-,2025.0
KAB KOLAKA,1.2,1.23,1.23,1.13,1.13,1.13,-,-,-,-,-,-,-,2.09,2.78,2.78,0.68,0.68,0.68,-,-,-,-,-,-,-,8.33,8.33,8.33,8.33,8.33,8.33,-,-,-,-,-,-,-,0,0,0,0,0,0,-,-,-,-,-,-,-,-,-,-,-,-,-,-,-,-,-,-,-,-,2025.0
KOTA KENDARI,1.52,1.49,1.49,1.85,1.95,2.27,-,-,-,-,-,-,-,0.21,0.36,0.36,0.36,0.36,0.21,-,-,-,-,-,-,-,1.73,1.73,1.73,1.73,1.73,1.73,-,-,-,-,-,-,-,0.95,0.95,0.95,0.95,0.95,1.52,-,-,-,-,-,-,-,12.4,10.98,10.98,17.49,19.37,19.37,-,-,-,-,-,-,-,2025.0
KOTA BAU BAU,0.39,0.39,0.39,0.39,0.39,0.39,-,-,-,-,-,-,-,7.26,7.26,7.26,7.26,7.26,7.26,-,-,-,-,-,-,-,0.0,0,0,0,0,0,-,-,-,-,-,-,-,0,0,0,0,0,0,-,-,-,-,-,-,-,-,-,-,-,-,-,-,-,-,-,-,-,-,2025.0
KAB GORONTALO,0.54,0.54,0.54,0.54,0.54,0.54,-,-,-,-,-,-,-,2.4,2.4,2.4,2.4,2.4,2.4,-,-,-,-,-,-,-,0.07,0.11,0.11,0.11,0.11,0.11,-,-,-,-,-,-,-,0.3,0.3,0.3,0.3,0.3,0.3,-,-,-,-,-,-,-,-,-,-,-,-,-,-,-,-,-,-,-,-,2025.0
KOTA GORONTALO,0.55,0.55,0.55,0.55,0.58,0.58,-,-,-,-,-,-,-,1.37,1.37,1.37,1.37,1.37,1.37,-,-,-,-,-,-,-,0.31,0.31,0.31,0.31,0.31,0.31,-,-,-,-,-,-,-,0.27,0.27,0.27,0.27,0.27,0.27,-,-,-,-,-,-,-,1.71,1.71,1.71,1.71,2.59,2.59,-,-,-,-,-,-,-,2025.0
KAB MAJENE,0.71,0.71,0.71,0.71,0.71,0.71,-,-,-,-,-,-,-,0.0,0,0,0,0,0,-,-,-,-,-,-,-,0.0,0,0,0,0,0,-,-,-,-,-,-,-,1.5,1.5,1.5,1.5,1.5,1.5,-,-,-,-,-,-,-,-,-,-,-,-,-,-,-,-,-,-,-,-,2025.0
MAMUJU,4.72,4.72,4.72,4.72,4.72,4.72,-,-,-,-,-,-,-,4.56,4.56,4.56,4.56,4.56,4.56,-,-,-,-,-,-,-,0.57,0.57,0.57,0.57,0.57,0.57,-,-,-,-,-,-,-,7.62,7.62,7.62,7.62,7.62,7.62,-,-,-,-,-,-,-,0,0,0,0,0,0,-,-,-,-,-,-,-,2025.0
KAB MALUKU TENGAH,0.0,0,0,0,0,0,-,-,-,-,-,-,-,0.0,0,0,0,0,0,-,-,-,-,-,-,-,0.0,0,0,0,0,0,-,-,-,-,-,-,-,0,0,0,0,0,0,-,-,-,-,-,-,-,-,-,-,-,-,-,-,-,-,-,-,-,-,2025.0
KOTA AMBON,1.18,1.18,1.18,1.08,1.08,1.02,-,-,-,-,-,-,-,3.27,3.27,3.27,3.27,3.27,3.27,-,-,-,-,-,-,-,1.3,1.3,1.3,1.3,1.3,1.3,-,-,-,-,-,-,-,0,0,0,0,0,0,-,-,-,-,-,-,-,4.66,4.66,4.66,3.19,3.19,2.43,-,-,-,-,-,-,-,2025.0
KOTA TUAL,0.0,0,0,0,0.08,0.08,-,-,-,-,-,-,-,0.0,0,0,0,0.78,0.78,-,-,-,-,-,-,-,0.0,0,0,0,0,0,-,-,-,-,-,-,-,0,0,0,0,0,0,-,-,-,-,-,-,-,-,-,-,-,-,-,-,-,-,-,-,-,-,2025.0
KAB HALMAHERA TENGAH,1.96,1.96,1.96,1.96,1.96,-53.49,-,-,-,-,-,-,-,0.23,0.23,0.23,0.23,0.23,0.23,-,-,-,-,-,-,-,2.4,2.4,2.4,2.4,2.4,-67.19,-,-,-,-,-,-,-,-,-,-,-,-,-,-,-,-,-,-,-,-,-,-,-,-,-,-,-,-,-,-,-,-,-,2025.0
KOTA TERNATE,1.82,2.56,2.56,2.56,2.56,-16.32,-,-,-,-,-,-,-,4.83,7.83,7.83,7.83,7.83,7.83,-,-,-,-,-,-,-,0.72,0.72,0.72,0.72,0.72,-66.58,-,-,-,-,-,-,-,1.1,1.1,1.1,1.1,1.1,1.1,-,-,-,-,-,-,-,0,0,0,0,0,0,-,-,-,-,-,-,-,2025.0
MANOKWARI,4.54,6.16,6.3,6.3,6.3,6.3,-,-,-,-,-,-,-,8.41,8.41,8.41,8.41,8.41,8.41,-,-,-,-,-,-,-,4.57,10.75,10.75,10.75,10.75,10.75,-,-,-,-,-,-,-,2.15,2.15,2.52,2.52,2.52,2.52,-,-,-,-,-,-,-,0,0,0,0,0,0,-,-,-,-,-,-,-,2025.0
KAB SORONG,0.69,0.69,0.69,0.69,0.69,0.69,-,-,-,-,-,-,-,1.27,1.27,1.27,1.27,1.27,1.27,-,-,-,-,-,-,-,1.72,1.72,1.72,1.72,1.72,1.72,-,-,-,-,-,-,-,0,0,0,0,0,0,-,-,-,-,-,-,-,-,-,-,-,-,-,-,-,-,-,-,-,-,2025.0
KAB SORONG SELATAN,1.92,1.92,1.92,1.92,1.92,1.92,-,-,-,-,-,-,-,4.66,4.66,4.66,4.66,4.66,4.66,-,-,-,-,-,-,-,1.16,1.16,1.16,1.16,1.16,1.16,-,-,-,-,-,-,-,0,0,0,0,0,0,-,-,-,-,-,-,-,-,-,-,-,-,-,-,-,-,-,-,-,-,2025.0
KOTA SORONG,-0.61,-0.36,-0.36,-0.36,-0.36,-0.36,-,-,-,-,-,-,-,0.24,0.24,0.24,0.24,0.24,0.24,-,-,-,-,-,-,-,-2.28,-2.28,-2.28,-2.28,-2.28,-2.28,-,-,-,-,-,-,-,0.43,0.43,0.43,0.43,0.43,0.43,-,-,-,-,-,-,-,0,10.69,10.69,10.69,10.69,10.69,-,-,-,-,-,-,-,2025.0
KOTA JAYAPURA,0.1,0.1,0.1,0.1,0.1,0.1,-,-,-,-,-,-,-,3.79,3.79,3.79,3.79,3.79,3.79,-,-,-,-,-,-,-,-4.67,-4.67,-4.67,-4.67,-4.67,-4.67,-,-,-,-,-,-,-,3.94,3.94,3.94,3.94,3.94,3.94,-,-,-,-,-,-,-,0,0,0,0,0,0,-,-,-,-,-,-,-,2025.0
MERAUKE,-2.17,-2.17,-2.17,-2.17,-2.17,-2.17,-,-,-,-,-,-,-,-16.48,-16.48,-16.48,-16.48,-16.48,-16.48,-,-,-,-,-,-,-,0.62,0.62,0.62,0.62,0.62,0.62,-,-,-,-,-,-,-,11.11,11.11,11.11,11.11,11.11,11.11,-,-,-,-,-,-,-,7.38,7.38,7.38,7.38,7.38,7.38,-,-,-,-,-,-,-,2025.0
TIMIKA,1.09,1.09,1.09,1.09,1.09,0.2,-,-,-,-,-,-,-,2.67,2.67,2.67,2.67,2.67,0.37,-,-,-,-,-,-,-,0.14,0.14,0.14,0.14,0.14,0.14,-,-,-,-,-,-,-,0,0,0,0,0,0,-,-,-,-,-,-,-,-,-,-,-,-,-,-,-,-,-,-,-,-,2025.0
KAB NABIRE,1.96,2.3,2.3,2.3,2.3,2.3,-,-,-,-,-,-,-,0.71,0.71,0.71,0.71,0.71,0.71,-,-,-,-,-,-,-,3.81,4.74,4.74,4.74,4.74,4.74,-,-,-,-,-,-,-,1.58,1.58,1.58,1.58,1.58,1.58,-,-,-,-,-,-,-,-,-,-,-,-,-,-,-,-,-,-,-,-,2025.0
KAB JAYAWIJAYA,1.82,3.15,3.15,3.15,3.15,3.15,-,-,-,-,-,-,-,2.47,2.47,2.47,2.47,2.47,2.47,-,-,-,-,-,-,-,2.15,3.95,3.95,3.95,3.95,3.95,-,-,-,-,-,-,-,0,3.69,3.69,3.69,3.69,3.69,-,-,-,-,-,-,-,-,-,-,-,-,-,-,-,-,-,-,-,-,2025.0
INDONESIA,2.05,2.04,1.89,1.88,1.88,1.82,-,-,-,-,-,-,-,2.73,2.74,2.74,2.74,2.74,2.74,-,-,-,-,-,-,-,1.69,1.69,1.69,1.69,1.69,1.27,-,-,-,-,-,-,-,1.41,1.39,1.39,1.39,1.39,1.4,-,-,-,-,-,-,-,3.79,3.7,2.35,2.18,2.23,2.75,-,-,-,-,-,-,-,2025.0
